id,date,ville,statut,change,avant,apres,alertes
1,2020-07-26,ABLEIGES,OK,False,Porte-clés=30€+Livres ecoles=6€+Légumes landivisiau=15€+avocats=6€+oeufs ails oignons=30€,Porte-clés=30€+Livres ecoles=6€+Légumes landivisiau=15€+avocats=6€+oeufs ails oignons=30€,
2,2020-07-25,ABLEIGES,OK,False,Porte-clés=30€+Livres ecoles=6€+Légumes landivisiau=15€+avocats=6€+oeufs ails oignons=30€,Porte-clés=30€+Livres ecoles=6€+Légumes landivisiau=15€+avocats=6€+oeufs ails oignons=30€,
5,2009-04-12,ABLEIGES,VIDE,True, ,,
6,2023-11-25,ABLEIGES,MANUEL,False,@,@,aucun prix exploitable dans l'entree
8,2018-08-12,ABLEIGES,OK,False,Légumes=30€+Porte clefs=1€,Légumes=30€+Porte clefs=1€,
9,2021-10-24,ABLEIGES,OK,False,couture=1€+chasseur français=1€+Lagarde Michard=2€,couture=1€+chasseur français=1€+Lagarde Michard=2€,
11,2023-10-15,ABLEIGES,OK,False,Art et Bureau=3€+Vinci=5€+linges=12€+babioles=5€,Art et Bureau=3€+Vinci=5€+linges=12€+babioles=5€,
12,2020-07-25,ABLEIGES,MANUEL,False,ce qui voudrait dire que ce nest pas le même type de vendeurs,ce qui voudrait dire que ce nest pas le même type de vendeurs,aucun prix exploitable dans l'entree
14,2019-04-13,ABLEIGES,DOUTEUX,True,18 OEUFS  4 5€ - PLAQUE VERRE PHOTO   2€ - livre math   2€ - verres granités 4€   essence de lavandin  4€ - 3 porte cles   1€,18 OEUFS=5€+PLAQUE VERRE PHOTO=2€+livre math=2€+verres granités=4€+essence de lavandin=4€+3 porte cles=1€,decimale '4 5€' -> 5€ (arrondi sup.)
15,2018-08-11,ABLEIGES,MANUEL,False,45 eût été mieux. Brocante du Samedi sans  autre brocante aux alentours.Donc concentration importante de  chineurs avertis. Achat de carottes et tomates au couple de bretagne. Tomates pas terribles,45 eût été mieux. Brocante du Samedi sans  autre brocante aux alentours.Donc concentration importante de  chineurs avertis. Achat de carottes et tomates au couple de bretagne. Tomates pas terribles,aucun prix exploitable dans l'entree
16,2022-04-10,ABLEIGES,OK,False,Livres ancien=10€+Melitta=1€+Affiche=4€+Tirelire Métal=2€,Livres ancien=10€+Melitta=1€+Affiche=4€+Tirelire Métal=2€,
17,2023-05-27,ABLEIGES,DOUTEUX,True,1 mouchoir mariée encadré =8 euros  + 4 tomes buffon avec images 10  + 1 boite V&B = 1  +1 livre poeme illustré J A Mercier = 2 + un mouchoir mariée avec monogramme et couronne + 1 mouchoir communiante = 4 + boite boutons = 8  + 1 plaque emaillé =0 5+ 1 livre ancien 17e = 1,1 mouchoir mariée encadré=8€+4 tomes buffon avec images=10€+1 boite V&B=1€+1 livre poeme illustré J A Mercier=2€+un mouchoir mariée avec monogramme et couronne+1 mouchoir communiante=4€+boite boutons=8€+1 plaque emaillé=1€+1 livre ancien 17e=1€,prix nu '10' -> 10€ ; nombre isole dans la description : items possiblement fusionnes ; decimale '1 plaque emaillé =0 5' -> 1€ (arrondi sup.) ; 1 item(s) sans prix
19,2023-10-15,ABLEIGES,DOUTEUX,True,Arts menagers de 12 no  3 +Lot mouchoirs Cholet & incrustations dentelle  3,Arts menagers de 12 no=3€+Lot mouchoirs Cholet & incrustations dentelle=3€,prix nu '3' -> 3€ ; nombre isole dans la description : items possiblement fusionnes ; prix nu '3' -> 3€
20,2023-03-12,ABLEIGES,OK,False,Bande 3M =3 Cpa=1€,Bande 3M =3 Cpa=1€,
21,2021-06-12,ABLEIGES,DOUTEUX,True,6 torchons + CPA  2 € - Artichauts + oeufs   6 50 €,6 torchons+CPA=2€+Artichauts+oeufs=7€,decimale '6 50 €' -> 7€ (arrondi sup.) ; 2 item(s) sans prix
22,2016-05-14,ABLEIGES,OK,False,Guitare=4€,Guitare=4€,
23,2020-09-20,ABLEIGES,MANUEL,False,4 porte cles,4 porte cles,aucun prix exploitable dans l'entree
24,2023-04-09,ABLEIGES,OK,False,collier=3€+rouleau pansement=5€+shampooing & Brosses dents+Robe bapteme=8€,collier=3€+rouleau pansement=5€+shampooing & Brosses dents+Robe bapteme=8€,1 item(s) sans prix
25,2021-10-24,ABLEIGES,OK,False,Poupée bella=3€,Poupée bella=3€,
27,2023-06-10,ABLEIGES,OK,False,3 livres=7€+Amende=45€,3 livres=7€+Amende=45€,
28,2016-07-09,ABLEIGES,OK,False,Une belle Housse de guitar=5€,Une belle Housse de guitar=5€,
29,2016-04-09,ABLEIGES,OK,False,plat Lecreuset=5€+partitions=2€,plat Lecreuset=5€+partitions=2€,
30,2019-04-13,ABLEIGES,OK,False,Dinette GDR=5€+Livre de gravures=10€+littérature érotique=10€+porte clé=3€+2 lampes=7€,Dinette GDR=5€+Livre de gravures=10€+littérature érotique=10€+porte clé=3€+2 lampes=7€,
32,2019-10-13,ABLEIGES,OK,False,porte-clés=6€,porte-clés=6€,
33,2019-07-14,ABLEIGES,OK,False,Nunchaku=1€,Nunchaku=1€,
34,2018-10-14,ABLEIGES,DOUTEUX,True,1 porte clé bourbon bonux 0.50,1 porte clé bourbon bonux=1€,prix nu '0.50' -> 1€ ; decimale -> 1€ (arrondi sup.) ; nombre isole dans la description : items possiblement fusionnes
35,2018-07-15,ABLEIGES,OK,False,livres=2€,livres=2€,
36,2019-07-14,ABLEIGES,MANUEL,False,2 tomes la fontaine bonnot,2 tomes la fontaine bonnot,aucun prix exploitable dans l'entree
37,2023-04-09,ABLEIGES,OK,False,PC=3€,PC=3€,
38,2020-01-11,ABLEIGES,OK,False,Cp=4€+Tapis=1€+Cendrier=1€+Oeufs=12€+CarottePotimaronsPoireaux=20€,Cp=4€+Tapis=1€+Cendrier=1€+Oeufs=12€+CarottePotimaronsPoireaux=20€,
40,2023-03-12,ABLEIGES,OK,False,Assiettes V&B=50€+Contes Lafontaine=25€+Livres écoles=5€+Caddie Course=8€,Assiettes V&B=50€+Contes Lafontaine=25€+Livres écoles=5€+Caddie Course=8€,
41,2023-11-11,ABLEIGES,DOUTEUX,True,3 pots VIlleroy et Boch  3,3 pots VIlleroy et Boch=3€,prix nu '3' -> 3€ ; nombre isole dans la description : items possiblement fusionnes
43,2016-05-14,ABLEIGES,MANUEL,False,Couvercle grand le creuset,Couvercle grand le creuset,aucun prix exploitable dans l'entree
44,2022-04-10,ABLEIGES,OK,False,Oeuf=12€+Cahier=1€+5 torchons Brodées 2 taies brodées=5€+2 rideaux=3€,Oeuf=12€+Cahier=1€+5 torchons Brodées 2 taies brodées=5€+2 rideaux=3€,
45,2022-03-27,ABLEIGES,OK,False,Porte clés=10€+Céline=5€,Porte clés=10€+Céline=5€,
46,2016-04-09,ABLEIGES,OK,False,livre cuisine=1€,livre cuisine=1€,
47,2022-03-27,ABLEIGES,OK,False,Livres=5€+cocote-friteuse le creuset=3€,Livres=5€+cocote-friteuse le creuset=3€,
48,2018-10-15,ABLEIGES,MANUEL,False,rien acheté,rien acheté,aucun prix exploitable dans l'entree
50,2014-04-12,ABLEIGES,OK,False,légumes oeufs.4€ pichet villeroy & boch=30€+pins constructeurs voitures de course=5€+coupe fruits=5€+jeu=2€+plateau fruit cassé!=3€,légumes oeufs.4€ pichet villeroy & boch=30€+pins constructeurs voitures de course=5€+coupe fruits=5€+jeu=2€+plateau fruit cassé!=3€,
51,2019-05-12,ABLEIGES,MANUEL,False,LOT AFFICHE ECOLES,LOT AFFICHE ECOLES,aucun prix exploitable dans l'entree
53,2023-05-28,ACHERES,DOUTEUX,True,Playmobil=22€+timbres=10€+boitier lunettes=3€+assiettes fromages=5€+Livres 4+PC=2€+danones=3€+affiches scolaires=20€,Playmobil=22€+timbres=10€+boitier lunettes=3€+assiettes fromages=5€+Livres=4€+PC=2€+danones=3€+affiches scolaires=20€,prix nu '4' -> 4€
54,2018-05-20,ACHERES,OK,False,Carte postale=2€+couteau=4€+voitures=25€+linges=12€+divers broc=8€+mètre couturière=2€+assiettes=4€+le Creuset=3€,Carte postale=2€+couteau=4€+voitures=25€+linges=12€+divers broc=8€+mètre couturière=2€+assiettes=4€+le Creuset=3€,
55,2017-06-04,ACHERES,OK,False,service VB=35€+figurine asterix=10€+couverts a salade couple=2€+bijoux émaillés=2€+1 collier=1€+produits Pharmacie=6€+huile nuxe=2€+sac appareil photo=7€+1 guide journal le figaro=1€+1p basket adidas et 1 p le coq,service VB=35€+figurine asterix=10€+couverts a salade couple=2€+bijoux émaillés=2€+1 collier=1€+produits Pharmacie=6€+huile nuxe=2€+sac appareil photo=7€+1 guide journal le figaro=1€+1p basket adidas et 1 p le coq,1 item(s) sans prix
56,2023-05-28,ACHERES,DOUTEUX,True,Pichet V&B= 7+ Pot a sel =3 (mis au rebut) +tee-shirt =1 =Boite vintage =3 = 3 M&Travaux =5  =plaque BIS =0 50+Livre Les triples =2,Pichet V&B=7€+Pot a sel =3 (mis au rebut)+tee-shirt =1 =Boite vintage =3 = 3 M&Travaux =5 =plaque BIS=1€+Livre Les triples=2€,decimale 'tee-shirt =1 =Boite vintage =3 = 3 M&Travaux =5  =plaque BIS =0 50' -> 1€ (arrondi sup.) ; 1 item(s) sans prix
57,2015-05-24,ACHERES,OK,False,1 veste g darel (clem )=3€+1 tee shirt ph=2€+1 polo=2€+bijoux=2€,1 veste g darel (clem )=3€+1 tee shirt ph=2€+1 polo=2€+bijoux=2€,
60,2016-05-15,ACHERES,DOUTEUX,True,un meuble d appoint=5€+guitare=25€+2tubes pour affiches=3€+Petit sac bandouliere 0 2,un meuble d appoint=5€+guitare=25€+2tubes pour affiches=3€+Petit sac bandouliere=1€,prix nu '0 2' -> 1€ ; decimale -> 1€ (arrondi sup.)
63,2019-06-09,ACHERES,OK,False,Porte clé+minnie=1€+plateau aperitif+gobelets année 60=2€+1 boite bouton=1€,Porte clé+minnie=1€+plateau aperitif+gobelets année 60=2€+1 boite bouton=1€,2 item(s) sans prix
64,2022-06-05,ACHERES,DOUTEUX,True,3 assiettes chansons anciennes=2€+porte+cle=2€+livre couture=2€+poupee jumeau ancienne=2€+piano 2+serviteur pink lady=3€+blouse nylon=2€,3 assiettes chansons anciennes=2€+porte+cle=2€+livre couture=2€+poupee jumeau ancienne=2€+piano=2€+serviteur pink lady=3€+blouse nylon=2€,prix nu '2' -> 2€ ; 1 item(s) sans prix
65,2013-03-10,ACHERES,OK,False,eau de colognes=10€+oeufs=38€+oignon=8€+flûtes boire couture ancienne=5€+3 épuisettes+2 sièges pliants=5€,eau de colognes=10€+oeufs=38€+oignon=8€+flûtes boire couture ancienne=5€+3 épuisettes+2 sièges pliants=5€,1 item(s) sans prix
69,2016-05-15,ACHERES,OK,False,Attelage=2€+Saladier=10€,Attelage=2€+Saladier=10€,
73,2012-03-11,ACHERES,DOUTEUX,True,livres pour Paul15 + poches 5 +20,livres pour Paul=15€+poches=5€+20,prix nu '15' -> 15€ ; prix nu '5' -> 5€ ; 1 item(s) sans prix
74,2014-06-14,AGNEAUX,OK,False,images communion=10€+charcuterie=25€+lego=15€,images communion=10€+charcuterie=25€+lego=15€,
75,2014-06-14,AGNEAUX,OK,False,2 ens. pantalon pour=4€+6 taie oreiller pour=15€+1 livre thermomix=1€,2 ens. pantalon pour=4€+6 taie oreiller pour=15€+1 livre thermomix=1€,
76,2016-06-18,AGNEAUX,OK,False,Livres ancien=15€,Livres ancien=15€,
78,2023-09-24,AINCOURT,DOUTEUX,True,revue Tour de France  2 + boutos anciens  6   eau de cologne  1+ Gants a usage unique  2,revue Tour de France=2€+boutos anciens 6 eau de cologne=1€+Gants a usage unique=2€,prix nu '2' -> 2€ ; prix nu '1' -> 1€ ; nombre isole dans la description : items possiblement fusionnes ; prix nu '2' -> 2€
80,2022-08-27,ALIZAY,OK,False,1 jeu tintin=1€,1 jeu tintin=1€,
81,2019-04-28,AMBARES-ET-LAGRAVE,OK,False,porte clés=5€,porte clés=5€,
83,2015-10-18,ANDRESY,OK,False,blouson cuir chevignon=40€+guitare genod=30€+plats=13€+livre dessins perspective=2€+vieux papiers=6€+Tasses VB=3€+pour oeufs pochés=2€,blouson cuir chevignon=40€+guitare genod=30€+plats=13€+livre dessins perspective=2€+vieux papiers=6€+Tasses VB=3€+pour oeufs pochés=2€,
84,2019-10-20,ANDRESY,OK,False,Noix&noisettes=15€+Figues=5€+Porte clés=4€+plaque bosch=2€+trepied guitare=2€,Noix&noisettes=15€+Figues=5€+Porte clés=4€+plaque bosch=2€+trepied guitare=2€,
85,2022-10-16,ANDRESY,DOUTEUX,True,15 couture+livres 10,15 couture+livres=10€,prix nu '10' -> 10€ ; 1 item(s) sans prix
86,2022-10-16,ANDRESY,DOUTEUX,True,Valise Barbie année 65 (env) avec lot vetement   4 + 15 torchons anciens  5  lot broches  1 50  plaque decorative echo de la mode   3  + Pince sucre ivoire  1  + 3 petites voitures  3,Valise Barbie année 65 (env) avec lot vetement=4€+15 torchons anciens 5 lot broches 1 50 plaque decorative echo de la mode=3€+Pince sucre ivoire=1€+3 petites voitures=3€,prix nu '4' -> 4€ ; prix nu '3' -> 3€ ; nombre isole dans la description : items possiblement fusionnes ; prix nu '1' -> 1€ ; prix nu '3' -> 3€ ; nombre isole dans la description : items possiblement fusionnes
87,2021-10-17,ANDRESY,OK,False,Jupon ancien=2€+2 poupées anciennes=10€+Lot serviettes nid dabeille drap en fil et taie doreiller=7€+lot vetement poupee dans boite 70=4€+lot Plumes décole=5€+catalogue vente linge ancien=1€+poupée barbie=1€+Boite vintage orange=2€,Jupon ancien=2€+2 poupées anciennes=10€+Lot serviettes nid dabeille drap en fil et taie doreiller=7€+lot vetement poupee dans boite 70=4€+lot Plumes décole=5€+catalogue vente linge ancien=1€+poupée barbie=1€+Boite vintage orange=2€,
88,2018-10-21,ANDRESY,OK,False,4 Ventouse de levage=15€+Céline=6€+Livres ecoles=2€+Livres=2€+plumes=1€+Porte clés=2€+assiettes=3€,4 Ventouse de levage=15€+Céline=6€+Livres ecoles=2€+Livres=2€+plumes=1€+Porte clés=2€+assiettes=3€,
89,2017-10-22,ANDRESY,OK,False,Sacoche tessier=3€+Terrine=1€,Sacoche tessier=3€+Terrine=1€,
90,2014-10-19,ANDRESY,OK,False,3xlivres ecoles 1961 grupés=2€+housse guitare=7€+hexagone=2€+carnets=2€+ceintures cuir=2€+castors juniors=1€,3xlivres ecoles 1961 grupés=2€+housse guitare=7€+hexagone=2€+carnets=2€+ceintures cuir=2€+castors juniors=1€,
92,2020-10-11,ANDRESY,OK,False,1 livre uniforme=1€+coupons tissus=5€,1 livre uniforme=1€+coupons tissus=5€,
93,2014-10-19,ANDRESY,OK,False,1 service a dessert Villeroy et bosch=3€+2 taies=1€+pieces de jeu ancien (dada-echecs-osselet)=3€+1 telephone rouge=3€+1 jeu electronique=2€+1 dessus de lit=20€,1 service a dessert Villeroy et bosch=3€+2 taies=1€+pieces de jeu ancien (dada-echecs-osselet)=3€+1 telephone rouge=3€+1 jeu electronique=2€+1 dessus de lit=20€,
94,2021-10-17,ANDRESY,OK,False,Cendrier Cnit=3€+ecole=1€+oflags=1€,Cendrier Cnit=3€+ecole=1€+oflags=1€,
95,2013-10-20,ANDRESY,OK,False,gazette des arts=8€+livres de cuisine ( jeté en arrivant)=2€+livres croisière jaune jeté en arrivant)=3€+livres ecoles=1€,gazette des arts=8€+livres de cuisine ( jeté en arrivant)=2€+livres croisière jaune jeté en arrivant)=3€+livres ecoles=1€,
96,2013-10-20,ANDRESY,MANUEL,False,2 plats villeroy bosch 1 banc  12 livres dt 1 réparation mécanique voiture ancienne,2 plats villeroy bosch 1 banc  12 livres dt 1 réparation mécanique voiture ancienne,aucun prix exploitable dans l'entree
97,2017-10-22,ANDRESY,DOUTEUX,True,bijou  10€ (taratata  agatha  isabelle de   etc) - pied lampe berger  0 5€ - 1 plat le creuset  0 5 - ardoise marché  1 5 - 4 chemises ancienne 2€ - yaourtiere zuela  5€  soupière et plat  5€,bijou (taratata agatha isabelle de etc)=10€+pied lampe berger=1€+1 plat le creuset=1€+ardoise marché=2€+4 chemises ancienne=2€+yaourtiere zuela=5€+soupière et plat=5€,decimale '0 5€' -> 1€ (arrondi sup.) ; prix nu '0 5' -> 1€ ; decimale -> 1€ (arrondi sup.) ; nombre isole dans la description : items possiblement fusionnes ; prix nu '1 5' -> 2€ ; decimale -> 2€ (arrondi sup.)
98,2015-10-18,ANDRESY,OK,False,fauteuils Cinema=120€+2 50 livre (journal fac simile+jounal tv+livre chasse)+2vestes=5€+chausse jbmartin=3€+assiettes et plats=5€+1 peignoir neuf blanc pour Clem=4€,fauteuils Cinema=120€+2 50 livre (journal fac simile+jounal tv+livre chasse)+2vestes=5€+chausse jbmartin=3€+assiettes et plats=5€+1 peignoir neuf blanc pour Clem=4€,3 item(s) sans prix
99,2022-08-15,ANNOVILLE,OK,False,prunes=12€+oeufs=4€+boite de plumes=3€+plats=5€,prunes=12€+oeufs=4€+boite de plumes=3€+plats=5€,
101,2022-08-15,ANNOVILLE,OK,False,5 Draps chanvre=12€+1 poupée Bella Tressy?=10€+7 paires bas nylon vitos=5€,5 Draps chanvre=12€+1 poupée Bella Tressy?=10€+7 paires bas nylon vitos=5€,
104,2019-08-15,ANSAUVILLERS,OK,False,Plaque Sicob=5€+Esso Alger bridge=1€+miroir cyclisme=2€+Porte clé=1€+Haricots=7€+Tomates=4€+rhubarbe=2€+Liqueur cassis & framboise=14€+Quetches=1€+Oeufs=6€,Plaque Sicob=5€+Esso Alger bridge=1€+miroir cyclisme=2€+Porte clé=1€+Haricots=7€+Tomates=4€+rhubarbe=2€+Liqueur cassis & framboise=14€+Quetches=1€+Oeufs=6€,
105,2018-08-15,ANSAUVILLERS,DOUTEUX,True,Oeufs 4€+Porte-clés 4€+Livre Bijoux 1€+Cp 0.50€+Assiettes La fontaine 0.5+assiette du coin 3€,Oeufs=4€+Porte-clés=4€+Livre Bijoux=1€+Cp=1€+Assiettes La fontaine=1€+assiette du coin=3€,decimale '0.50€' -> 1€ (arrondi sup.) ; prix nu '0.5' -> 1€ ; decimale -> 1€ (arrondi sup.)
106,2019-08-15,ANSAUVILLERS,DOUTEUX,True,torchons brodés  8€ - oeufs  3 2€ - protege-cahier 0 5€,torchons brodés=8€+oeufs=4€+protege-cahier=1€,decimale '3 2€' -> 4€ (arrondi sup.) ; decimale '0 5€' -> 1€ (arrondi sup.)
107,2018-08-15,ANSAUVILLERS,OK,False,oeufs=2€+mirabelles=6€+drap ancien en fil brodé=10€+livre pop up kubasta=1€+Assiettes Rebus Gien=2€+3 plats Gien Moustier=2€+1 cocotte Le Creuset rouge Doufeu=2€,oeufs=2€+mirabelles=6€+drap ancien en fil brodé=10€+livre pop up kubasta=1€+Assiettes Rebus Gien=2€+3 plats Gien Moustier=2€+1 cocotte Le Creuset rouge Doufeu=2€,
108,2017-05-20,ARGENTEUIL,OK,False,staub=2€+Le creuset=10€+Tournevis Facom=14€+Tableaux Hernandez=2€+livre ionesco=2€+récipients verres=2€+Tableau douanier=5€+assiettes=20€+playmobil=2€+bijoux=2€,staub=2€+Le creuset=10€+Tournevis Facom=14€+Tableaux Hernandez=2€+livre ionesco=2€+récipients verres=2€+Tableau douanier=5€+assiettes=20€+playmobil=2€+bijoux=2€,
109,2013-05-25,ARGENTEUIL,OK,False,1 touky+de bibelots=1€,1 touky+de bibelots=1€,1 item(s) sans prix
110,2018-05-26,ARGENTEUIL,OK,False,Cadres Japonais=4€+Cartes 70 s=5€+Livres Scouts=5€+Lampe Berger=1€,Cadres Japonais=4€+Cartes 70 s=5€+Livres Scouts=5€+Lampe Berger=1€,
112,2014-05-17,ARGENTEUIL,OK,False,sac lancel ancien 20eur 2 tasses the pour=1€+3 colliers perles=2€+2livres lenotres=2€+6 torchons ancien=1€,sac lancel ancien 20eur 2 tasses the pour=1€+3 colliers perles=2€+2livres lenotres=2€+6 torchons ancien=1€,
116,2014-05-17,ARGENTEUIL,OK,False,album photos art nouveau=10€+livre plantes=5€+le creuset=4€+lafontaine=1€+livres=2€+babioles=2€,album photos art nouveau=10€+livre plantes=5€+le creuset=4€+lafontaine=1€+livres=2€+babioles=2€,
117,2015-05-16,ARGENTEUIL,OK,False,aquarelle=20€+cocotte staub=10€+verres eau=5€+Miroir=5€+belles boites=3€+livres EPA=2€+livres aniamux Hetzel=4€+cavalerie 2tomes+gerorges brassens+petite cocotte=2€+cristal arques verres champagne=2€+crital arques plat=2€,aquarelle=20€+cocotte staub=10€+verres eau=5€+Miroir=5€+belles boites=3€+livres EPA=2€+livres aniamux Hetzel=4€+cavalerie 2tomes+gerorges brassens+petite cocotte=2€+cristal arques verres champagne=2€+crital arques plat=2€,2 item(s) sans prix
122,2017-05-20,ARGENTEUIL,OK,False,1 veste saint james=15€+1 veste jean kenzo=4€,1 veste saint james=15€+1 veste jean kenzo=4€,
123,2015-05-16,ARGENTEUIL,DOUTEUX,True,bijou10€ (ens Metal pointu) -3 gel Y rocher  3€- 1ens VB des années 1950 ds la boite  4€ - 1BD  0 50€,bijou=10€+(ens Metal pointu) -3 gel Y rocher=3€+1ens VB des années 1950 ds la boite=4€+1BD=1€,decimale '0 50€' -> 1€ (arrondi sup.)
127,2011-06-02,ARTHIES,MANUEL,False,peuvent avoir objet anciens sorti,peuvent avoir objet anciens sorti,aucun prix exploitable dans l'entree
128,2019-05-30,ASNIERES-SUR-OISE,OK,False,Cocotte doux feu rouge=2€+lot 8 ramequins anglais=2€,Cocotte doux feu rouge=2€+lot 8 ramequins anglais=2€,
130,2018-07-01,AUBERGENVILLE,OK,False,parfums=38€+assiette bouc=10€+Verres cristal boheme=5€+assiettes salade=4€+assiettes mois=2€+BD=1€+Livres=3€+tirelire=1€,parfums=38€+assiette bouc=10€+Verres cristal boheme=5€+assiettes salade=4€+assiettes mois=2€+BD=1€+Livres=3€+tirelire=1€,
132,2012-07-01,AUBERGENVILLE,OK,False,panier osier buste a bijou ( )=1€,panier osier buste a bijou ( )=1€,
133,2018-07-01,AUBERGENVILLE,OK,False,pul été Escada=2€,pul été Escada=2€,
134,2014-06-29,AUBERGENVILLE,OK,False,jouet Barbie pour noel ( )=4€,jouet Barbie pour noel ( )=4€,
138,2017-06-05,AULNAY-SOUS-BOIS,OK,False,Rabier Livre certif 1902 agenda=10€+toise=4€+Cadre triptyque pour photo=2€+sandwich=3€,Rabier Livre certif 1902 agenda=10€+toise=4€+Cadre triptyque pour photo=2€+sandwich=3€,
139,2016-05-16,AULNAY-SOUS-BOIS,OK,False,Pots Villeroy=8€+BD=2€+Assiettes=4€,Pots Villeroy=8€+BD=2€+Assiettes=4€,
141,2019-06-02,AULNAY-SUR-MAULDRE,OK,False,lot 6 assiettes V&B+saucier=5€+lot 12 assiettes anciennes histoire=2€,lot 6 assiettes V&B+saucier=5€+lot 12 assiettes anciennes histoire=2€,1 item(s) sans prix
143,2019-04-21,AUTHEUIL-AUTHOUILLET,OK,False,Livres anciens chess et Tomtit=5€+ferrero=3€+Linge brodé=3€+Porte clés=2€+Album photo=3€+Péage=5€,Livres anciens chess et Tomtit=5€+ferrero=3€+Linge brodé=3€+Porte clés=2€+Album photo=3€+Péage=5€,
144,2022-04-17,AUTHEUIL-AUTHOUILLET,OK,False,Dentelle=3€,Dentelle=3€,
145,2019-04-21,AUTHEUIL-AUTHOUILLET,OK,False,5 oeuf d oie=5€+10 assiettes PINK Johnson brothers=10€+12torchons=10€+1 drap Metis Fleur Bleu=5€+5 Bobines de fil=2€,5 oeuf d oie=5€+10 assiettes PINK Johnson brothers=10€+12torchons=10€+1 drap Metis Fleur Bleu=5€+5 Bobines de fil=2€,
151,2016-03-27,AUVERS-SUR-OISE,MANUEL,False,1 grande poele grill le creuset,1 grande poele grill le creuset,aucun prix exploitable dans l'entree
152,2017-03-26,AUVERS-SUR-OISE,OK,False,Couteaux=5€,Couteaux=5€,
153,2016-03-27,AUVERS-SUR-OISE,DOUTEUX,True,5€ Echecs Simpson + 5€ Casseroles Le Creuset+15 €+mages de Brebis+1€ assiettes Faizant,Echecs Simpson=5€+Casseroles Le Creuset=5€+?=15€+mages de Brebis+assiettes Faizant=1€,description vide ; 1 item(s) sans prix
155,2015-06-21,AVERNES,OK,False,1livre=1€+plat villeroy=5€+collant=1€+(au lieu de )=5€,1livre=1€+plat villeroy=5€+collant=1€+(au lieu de )=5€,
157,2018-06-17,AVERNES,OK,False,quelques bijoux (colliers et bo agatha)=4€,quelques bijoux (colliers et bo agatha)=4€,
158,2013-06-16,AVERNES,OK,False,laines=10€+cartes=2€+Livres=8€,laines=10€+cartes=2€+Livres=8€,
159,2019-06-16,AVERNES,OK,False,Casseroles Le Creuset=8€+Plateau de Bar=10€,Casseroles Le Creuset=8€+Plateau de Bar=10€,
160,2018-06-17,AVERNES,DOUTEUX,True,Tasses Mobil  1 5€+Livres 3€+Buvette 7€+Jeu de 7 familles aviation 0 50€+cartes postales 5€,Tasses Mobil=2€+Livres=3€+Buvette=7€+Jeu de 7 familles aviation=1€+cartes postales=5€,decimale '1 5€' -> 2€ (arrondi sup.) ; decimale '0 50€' -> 1€ (arrondi sup.)
162,2023-06-18,AVERNES,OK,False,Poupées=6€,Poupées=6€,
163,2015-06-21,AVERNES,DOUTEUX,True,Foulard 4€ chemisier 3€ . livre0 50€ -annee automobile (jeté)   2€ horloge villeroy  2€,Foulard=4€+chemisier=3€+livre=1€+annee automobile (jeté)=2€+horloge villeroy=2€,decimale '0 50€' -> 1€ (arrondi sup.)
165,2022-05-15,BAILLET-EN-FRANCE,DOUTEUX,True,1 livre Burda  1€ +2rouleaux de Venilia   1€+ toile a oreiller  3€ + Porsche   0 2€,1 livre Burda=1€+2rouleaux de Venilia=1€+toile a oreiller=3€+Porsche=1€,decimale '0 2€' -> 1€ (arrondi sup.)
170,2022-04-03,BAZEMONT,DOUTEUX,True,Coupons de lin  2€ + revue année 50  0 5€,Coupons de lin=2€+revue année 50=1€,decimale '0 5€' -> 1€ (arrondi sup.)
171,2019-04-07,BAZEMONT,OK,False,porte-cles+boite bois=4€,porte-cles+boite bois=4€,1 item(s) sans prix
172,2014-04-27,BEAUCHAMP,OK,False,cocotte=3€+lecture Joly=3€+pompres a eau=5€+talbot=2€,cocotte=3€+lecture Joly=3€+pompres a eau=5€+talbot=2€,
173,2016-04-02,BEAUCHAMP,OK,False,Une planche en bois type planche a decouper plan de travail=5€+11 verres a champagne cristal d arques=5€+2 echarpes=4€+1 petite cocote le creuset vintage=1€,Une planche en bois type planche a decouper plan de travail=5€+11 verres a champagne cristal d arques=5€+2 echarpes=4€+1 petite cocote le creuset vintage=1€,
176,2014-04-05,BEAUCHAMP,MANUEL,False,trouvé 1 genius pour legumes  1 couteau thermomix  tee shirt petit bateau  pic fleurs ancien + 2livres images Epinal +creme biafine,trouvé 1 genius pour legumes  1 couteau thermomix  tee shirt petit bateau  pic fleurs ancien + 2livres images Epinal +creme biafine,aucun prix exploitable dans l'entree
177,2013-04-06,BEAUCHAMP,OK,False,Achat de Verres cristal d arques pour=20€+( TB affaire 8 coffrets). Achat raté de bijoux pour=20€+jeu échecs=5€,Achat de Verres cristal d arques pour=20€+( TB affaire 8 coffrets). Achat raté de bijoux pour=20€+jeu échecs=5€,
179,2011-04-02,BEAUCHAMP,VIDE,True, ,,
180,2014-04-05,BEAUCHAMP,OK,False,boite menuisier=5€+echecs=1€+livre=1€+rillons (pas terrible la boucherie==5€,boite menuisier=5€+echecs=1€+livre=1€+rillons (pas terrible la boucherie==5€,
181,2018-07-21,BEAUMONT-HAGUE,OK,False,pléiade=2€+Parfum=1€+Pain & charcuterie=6€,pléiade=2€+Parfum=1€+Pain & charcuterie=6€,
182,2016-05-01,BEAUMONT-SUR-OISE,OK,False,Guitare=30€,Guitare=30€,
185,2018-04-07,BENNECOURT,OK,False,Un cadre en laiton=1€+2 tasses VB=2€+boutons ancien=4€,Un cadre en laiton=1€+2 tasses VB=2€+boutons ancien=4€,
186,2018-04-07,BENNECOURT,OK,False,gravure=10€+Star Wars=17€+peinture Faustine=6€+livre contes=1€,gravure=10€+Star Wars=17€+peinture Faustine=6€+livre contes=1€,
188,2011-04-02,BENNECOURT,MANUEL,False,https //docs.google.com/leaf?id=0B97L9kDQHDbuZTY4MTUxZDQtOWNjZi00OGJhLTlkYjMtYjA0OTljMTlkNTVj&hl=fr,https //docs.google.com/leaf?id=0B97L9kDQHDbuZTY4MTUxZDQtOWNjZi00OGJhLTlkYjMtYjA0OTljMTlkNTVj&hl=fr,aucun prix exploitable dans l'entree
189,2015-04-11,BENNECOURT,OK,False,affiches scolaires=5€+livres voitures=16€+jeu tiercé=3€+revue illustation noel=3€+livres vache qui rit=3€+livre collection viguier=3€,affiches scolaires=5€+livres voitures=16€+jeu tiercé=3€+revue illustation noel=3€+livres vache qui rit=3€+livre collection viguier=3€,
191,2015-04-11,BENNECOURT,OK,False,trouvé 1 collier dolce vita=7€+2 livres photos ancien=14€+1 porte carte,trouvé 1 collier dolce vita=7€+2 livres photos ancien=14€+1 porte carte,1 item(s) sans prix
192,2016-04-02,BENNECOURT,OK,False,Paté=53€+Oeufs=6€+pain=1€+vieux déguisement=2€+plats le creuset=2€+Plat Le Creuset fondue Enzo=4€+guide flammarion paris vernon=2€+vieille boite meccano=10€+Viel album Photo=5€+chapelles de Bretagne=1€,Paté=53€+Oeufs=6€+pain=1€+vieux déguisement=2€+plats le creuset=2€+Plat Le Creuset fondue Enzo=4€+guide flammarion paris vernon=2€+vieille boite meccano=10€+Viel album Photo=5€+chapelles de Bretagne=1€,
195,2010-03-06,BERNES-SUR-OISE,MANUEL,False,Ecole Saint-cyr,Ecole Saint-cyr,aucun prix exploitable dans l'entree
197,2010-03-06,BERNES-SUR-OISE,MANUEL,False,Yacht construction,Yacht construction,aucun prix exploitable dans l'entree
198,2014-03-09,BERNES-SUR-OISE,OK,False,coupe carte d or=7€,coupe carte d or=7€,
200,2022-04-03,BERNOUVILLE,OK,False,Porte clé=3€,Porte clé=3€,
201,2019-04-07,BERNOUVILLE,OK,False,Pendule ancienne=5€+assiette=2€+tournée=8€+Jeu de tiercé=3€,Pendule ancienne=5€+assiette=2€+tournée=8€+Jeu de tiercé=3€,
202,2023-04-02,BERNOUVILLE,OK,False,cologne=1€,cologne=1€,
203,2011-06-05,BESSANCOURT,MANUEL,False,https //docs.google.com/leaf?id=0B97L9kDQHDbuMDI4YWFiN2QtYTNhMS00MjA5LWI5YjMtYjE2NjFjMDBhOTMz&hl=fr,https //docs.google.com/leaf?id=0B97L9kDQHDbuMDI4YWFiN2QtYTNhMS00MjA5LWI5YjMtYjE2NjFjMDBhOTMz&hl=fr,aucun prix exploitable dans l'entree
204,2014-06-01,BESSANCOURT,DOUTEUX,True,2 € carte ecole a reproduireLivre toi et moi 3€.quiche à manger 3€  echecs 3€  divers livres 2€,carte ecole a reproduireLivre toi et moi=2€+quiche à manger=3€+echecs=3€+divers livres=3€+?=2€,description vide
205,2023-06-04,BESSANCOURT,OK,False,1 livre DS Citroen EPA=1€+1 livre emblemes militaires=1€+poupee collection Hamilton=5€+1 boite metal=2€+Plaque emailé=1€,1 livre DS Citroen EPA=1€+1 livre emblemes militaires=1€+poupee collection Hamilton=5€+1 boite metal=2€+Plaque emailé=1€,
206,2014-06-01,BESSANCOURT,DOUTEUX,True,Livre Fable 3€ - 1livre oiseau1€ 1ivre pour noel 1€- 1 chapeau toile 1€ et 1trousse argente (noel) 0 50€ - 1 pantacourt 1€,Livre Fable=3€+1livre oiseau=1€+1ivre pour noel=1€+1 chapeau toile=1€+et 1trousse argente (noel)=1€+1 pantacourt=1€,decimale '0 50€' -> 1€ (arrondi sup.)
214,2015-09-05,BEYNES,OK,False,livre patisserie luxe=50€+echecs egypte=7€+livre cuisine ancien relié cordon bleu=6€+livre ancien electricité=6€,livre patisserie luxe=50€+echecs egypte=7€+livre cuisine ancien relié cordon bleu=6€+livre ancien electricité=6€,
216,2014-09-06,BEYNES,OK,False,livres patisserie=100€+assiettes a huitres=3€+livres=5€,livres patisserie=100€+assiettes a huitres=3€+livres=5€,
217,2023-09-23,BEYNES,DOUTEUX,True,Ecussons militaire  5 +assiette Degrenne petit ours brun  1 +lot torchons  2+taies brodes  5+ livre Boxe  0 5+lot ancien photos (flash ) &livre Leica  10+livre broderie  1 +Saliere Poivriere v&B   2,Ecussons militaire=5€+assiette Degrenne petit ours brun=1€+lot torchons=2€+taies brodes=5€+livre Boxe=1€+lot ancien photos (flash ) &livre Leica=10€+livre broderie=1€+Saliere Poivriere v&B=2€,prix nu '5' -> 5€ ; prix nu '1' -> 1€ ; prix nu '2' -> 2€ ; prix nu '5' -> 5€ ; prix nu '0 5' -> 1€ ; decimale -> 1€ (arrondi sup.) ; prix nu '10' -> 10€ ; prix nu '1' -> 1€ ; prix nu '2' -> 2€
218,2016-09-10,BEYNES,OK,False,catalogue vins nicolas=3€+1 echarpe=1€+1robe et 1 pull=2€+1 collier balencienga=2€+1 livre sport jeté=1€,catalogue vins nicolas=3€+1 echarpe=1€+1robe et 1 pull=2€+1 collier balencienga=2€+1 livre sport jeté=1€,
219,2021-09-25,BEYNES,DOUTEUX,True,Service the Johnson   6 € + lavande  2€ + 2 boîtes coutures    1 50€,Service the Johnson=6€+lavande=2€+2 boîtes coutures=2€,decimale '1 50€' -> 2€ (arrondi sup.)
221,2010-09-11,BEYNES,MANUEL,False,av,av,aucun prix exploitable dans l'entree
222,2016-09-10,BEYNES,OK,False,Patisserie Sender x 4=300€+Torchons=7€+Livre reliure=1€,Patisserie Sender x 4=300€+Torchons=7€+Livre reliure=1€,
223,2015-09-05,BEYNES,DOUTEUX,True,90 € livre patisserie - 3 € tasse acapulco de VB chaussures Puma  5 €,livre patisserie=90€+tasse acapulco de VB chaussures Puma=3€+?=5€,description vide
225,2014-09-06,BEYNES,OK,False,2 paniers rotin=6€+livre thermomix=1€+6 tasses villeroy+beurrier=15€,2 paniers rotin=6€+livre thermomix=1€+6 tasses villeroy+beurrier=15€,1 item(s) sans prix
226,2015-09-20,BEZONS,OK,False,plat le creuset=4€+ramequin le creuset neuf dans sa boite ( donnée à clem)=3€+Dubout entrechats=5€+ali baba en relief=5€+sandwich=4€+signe de piste=1€,plat le creuset=4€+ramequin le creuset neuf dans sa boite ( donnée à clem)=3€+Dubout entrechats=5€+ali baba en relief=5€+sandwich=4€+signe de piste=1€,
228,2014-09-21,BEZONS,OK,False,Jeu Echecs Buis=20€+Echecs=3€+Affiches scolaires=10€+alice et legion=4€+casseroles cocotte et support le cresuset=20€+cuteaux=3€+verres cristal=4€+route du Vin=2€+cp=5€+prevert=2€+divers livres=5€+cuillerers=2€,Jeu Echecs Buis=20€+Echecs=3€+Affiches scolaires=10€+alice et legion=4€+casseroles cocotte et support le cresuset=20€+cuteaux=3€+verres cristal=4€+route du Vin=2€+cp=5€+prevert=2€+divers livres=5€+cuillerers=2€,
231,2022-09-25,BEZONS,OK,False,lot Pellicule photos=1€+lot Bo vintage=1€+saliere=2€+tasse=3€+Chat soliflore=2€+4chemises anciennes=7€+objets barbie=2€,lot Pellicule photos=1€+lot Bo vintage=1€+saliere=2€+tasse=3€+Chat soliflore=2€+4chemises anciennes=7€+objets barbie=2€,
232,2020-09-06,BEZU-SAINT-ELOI,OK,False,Livres SNCF=15€,Livres SNCF=15€,
234,2022-09-04,BEZU-SAINT-ELOI,DOUTEUX,True,Livre Bugatti ETA  2 5€ + 1livre Lagarde XVIII  0 5€+livre couture & Tissu   2€,Livre Bugatti ETA=3€+1livre Lagarde XVIII=1€+livre couture & Tissu=2€,decimale '2 5€' -> 3€ (arrondi sup.) ; decimale '0 5€' -> 1€ (arrondi sup.)
235,2020-09-06,BEZU-SAINT-ELOI,OK,False,Lot 7 torchons=5€+lot modes et travaux avec patrons=10€,Lot 7 torchons=5€+lot modes et travaux avec patrons=10€,
237,2021-09-05,BEZU-SAINT-ELOI,OK,False,Coupons=8€+Tassimo=10€,Coupons=8€+Tassimo=10€,
238,2021-09-05,BEZU-SAINT-ELOI,OK,False,Verres cristal=10€+Torchons=10€,Verres cristal=10€+Torchons=10€,
239,2023-09-03,BEZU-SAINT-ELOI,OK,False,CP=5€+Matra=2€,CP=5€+Matra=2€,
240,2022-09-04,BEZU-SAINT-ELOI,OK,False,Tomates=6€+haricots Verts=6€+babioles tetes poupée=2€,Tomates=6€+haricots Verts=6€+babioles tetes poupée=2€,
241,2019-05-01,BISCARROSSE,OK,False,Pot en verre=1€+2 draps en metis Fleur Bleue=20€+dejeuner=15€,Pot en verre=1€+2 draps en metis Fleur Bleue=20€+dejeuner=15€,
242,2019-05-01,BISCARROSSE,OK,False,Assiette=2€+Porte clé=10€+Cocotte=3€+Livres=1€,Assiette=2€+Porte clé=10€+Cocotte=3€+Livres=1€,
243,2015-08-09,BLAINVILLE-SUR-MER,OK,False,blouson cuir=10€+scie et perceuse=7€,blouson cuir=10€+scie et perceuse=7€,
245,2013-08-17,BLONVILLE-SUR-MER,OK,False,boite jeu=12€+livre anciens=16€+abions=3€+torchons=3€+naturaliste=6€+livre=2€+bonnot=5€,boite jeu=12€+livre anciens=16€+abions=3€+torchons=3€+naturaliste=6€+livre=2€+bonnot=5€,
246,2013-08-17,BLONVILLE-SUR-MER,MANUEL,False,trouvé qq vetements5eur livres 4 eur nappe 2eur,trouvé qq vetements5eur livres 4 eur nappe 2eur,aucun prix exploitable dans l'entree
247,2023-06-04,BOIS-D'ARCY,DOUTEUX,True,Vaisselle V&B=25€+Vaisselle 70s mélaminé=8€+Pc5+Camion Pompier=6€+images tuberculeur=2€+livre=1€,Vaisselle V&B=25€+Vaisselle 70s mélaminé=8€+Pc=5€+Camion Pompier=6€+images tuberculeur=2€+livre=1€,prix nu '5' -> 5€
248,2021-06-06,BOIS-D'ARCY,DOUTEUX,True,Boite couture singer  5 € - 2 fers a repasser jouets   3 € - pots epices   5 € -1 tupperware   0 5€ - moules cuisson baguette   1 € - livre   les Greffes     1 €,Boite couture singer=5€+2 fers a repasser jouets=3€+pots epices=5€+1 tupperware=1€+moules cuisson baguette=1€+livre les Greffes=1€,decimale '0 5€' -> 1€ (arrondi sup.)
249,2021-06-06,BOIS-D'ARCY,OK,False,2 saladiers arcopal=5€+2 livres=8€+byrrh=2€+oie automobile=3€,2 saladiers arcopal=5€+2 livres=8€+byrrh=2€+oie automobile=3€,
250,2019-06-02,BOIS-D'ARCY,DOUTEUX,True,Porte clé 25+Porte clé 60+Porte Clé 12+Repas 35+Poule=3€+Boites=3€+Livres cuisines=12€+Bonnot=5€+Yaourtiere=4€,Porte clé=25€+Porte clé=60€+Porte Clé=12€+Repas=35€+Poule=3€+Boites=3€+Livres cuisines=12€+Bonnot=5€+Yaourtiere=4€,prix nu '25' -> 25€ ; prix nu '60' -> 60€ ; prix nu '12' -> 12€ ; prix nu '35' -> 35€
251,2019-06-02,BOIS-D'ARCY,OK,False,1 tableau danseuse=2€+1 livre Tardy=3€+une yaourtiere=5€+porte cle=1€+1 cadre photo taille=1€,1 tableau danseuse=2€+1 livre Tardy=3€+une yaourtiere=5€+porte cle=1€+1 cadre photo taille=1€,
252,2019-04-21,BOIS-JÉRÔME-SAINT-OUEN,OK,False,Livres=5€+porte clé=6€,Livres=5€+porte clé=6€,
253,2019-04-21,BOIS-JÉRÔME-SAINT-OUEN,OK,False,3Porte cle=1€+1 foulard soie=2€+1 tableau brossé=2€+1 plat cartes=2€+1 cube tricot=5€+Dejeuner=16€,3Porte cle=1€+1 foulard soie=2€+1 tableau brossé=2€+1 plat cartes=2€+1 cube tricot=5€+Dejeuner=16€,
254,2022-04-17,BOIS-JÉRÔME-SAINT-OUEN,OK,False,Livres=11€+Cadre miroir Vichy=10€+pichet=3€+pointes fromages=2€,Livres=11€+Cadre miroir Vichy=10€+pichet=3€+pointes fromages=2€,
255,2022-04-17,BOIS-JÉRÔME-SAINT-OUEN,OK,False,dentelle ancienne=15€+tissus=3€+1 livre formule de 2002=1€+affiche perrier=3€+coffre osier linge=3€,dentelle ancienne=15€+tissus=3€+1 livre formule de 2002=1€+affiche perrier=3€+coffre osier linge=3€,
258,2016-10-23,BOISSY-LE-BOIS,OK,False,Verres=10€,Verres=10€,
259,2016-10-23,BOISSY-LE-BOIS,OK,False,Livre école=5€+Assiette=1€,Livre école=5€+Assiette=1€,
260,2022-10-23,BOISSY-LE-BOIS,DOUTEUX,True,Echantillon  CHANEL  5  +marrons  2,Echantillon CHANEL=5€+marrons=2€,prix nu '5' -> 5€ ; prix nu '2' -> 2€
261,2019-09-01,BONDOUFLE,OK,False,Yaourtiere Yalacta rouge=10€+3 cadres photos anciens=2€,Yaourtiere Yalacta rouge=10€+3 cadres photos anciens=2€,
262,2019-09-01,BONDOUFLE,OK,False,Porte clés=3€,Porte clés=3€,
263,2022-06-06,BONDY,OK,False,Livre=1€+photos=5€+Echecs=30€,Livre=1€+photos=5€+Echecs=30€,
264,2014-10-26,BONDY,OK,False,plat Vallauris=3€+partition=2€,plat Vallauris=3€+partition=2€,
265,2022-06-06,BONDY,OK,False,2 livres thermomix (dont lindispensable de la cuisine)=3€+rouleau elastique et tissu=4€,2 livres thermomix (dont lindispensable de la cuisine)=3€+rouleau elastique et tissu=4€,
267,2014-10-26,BONDY,DOUTEUX,True,1 boite en bois 2 5€ -1 jeu d echecs 2€ - 1 7 familles 0 10 cts - 1 coupe legume  1 50,1 boite en bois=3€+1 jeu d echecs=2€+1 7 familles=1€+1 coupe legume=2€,decimale '2 5€' -> 3€ (arrondi sup.) ; decimale '0 10 cts' -> 1€ (arrondi sup.) ; unite 'cts' interpretee en euros ; prix nu '1 50' -> 2€ ; decimale -> 2€ (arrondi sup.) ; nombre isole dans la description : items possiblement fusionnes
268,2013-07-14,BONNIERES-SUR-SEINE,OK,False,menuiserie=40€+boite à plomb=15€+livres=4€,menuiserie=40€+boite à plomb=15€+livres=4€,
270,2019-07-14,BONNIERES-SUR-SEINE,DOUTEUX,True,Soupiere   2€ -etiquette prix en francs   1 5€ - Etiquettes adhesives  1 5€ - 4 Livres enfants  2€ - 2 baigneurs  1€ - gaine  2€ - boite en verre  3€,Soupiere=2€+etiquette prix en francs=2€+Etiquettes adhesives=2€+4 Livres enfants=2€+2 baigneurs=1€+gaine=2€+boite en verre=3€,decimale '1 5€' -> 2€ (arrondi sup.) ; decimale '1 5€' -> 2€ (arrondi sup.)
274,2019-07-14,BONNIERES-SUR-SEINE,OK,False,Carreaux Giens=12€+Table camping=10€+Livre spectacles=5€+Cadre photo=3€+Pleiade=1€+Classeur orange,Carreaux Giens=12€+Table camping=10€+Livre spectacles=5€+Cadre photo=3€+Pleiade=1€+Classeur orange,1 item(s) sans prix
275,2016-05-01,BORAN-SUR-OISE,OK,False,Affiches=20€,Affiches=20€,
280,2015-07-05,BORNEL,OK,False,livre religieux 1740=2€+livre humour=2€+alamnach 1904=3€+cuisine+playmobil=3€+pomme ded terre=8€+j eu de carte=1€,livre religieux 1740=2€+livre humour=2€+alamnach 1904=3€+cuisine+playmobil=3€+pomme ded terre=8€+j eu de carte=1€,1 item(s) sans prix
281,2013-07-07,BORNEL,OK,False,vieux jeu de loto=10€+livre mouche=1€+vieuxlvres=7€+bobine DMC=5€,vieux jeu de loto=10€+livre mouche=1€+vieuxlvres=7€+bobine DMC=5€,
283,2009-07-05,BORNEL,OK,False,jeux PSP pour PHL=40€,jeux PSP pour PHL=40€,
285,2014-05-03,BOUAFLES,DOUTEUX,True,12€ pots a epices+10€ verres cristal+10€ oeufs+4€ livres+2.5€ rhubarbe+5€ bijoux,pots a epices=12€+verres cristal=10€+oeufs=10€+livres=4€+rhubarbe=3€+bijoux=5€,decimale '2.5€' -> 3€ (arrondi sup.)
286,2014-05-03,BOUAFLES,DOUTEUX,True,4 tasses a the (4eu) dt 2 prises par clementine  torchons taies serviettes brodées et ancien 15 e   1 jeu maximax 1eur  bijou 3,4 tasses a the (4eu) dt 2 prises par clementine torchons taies serviettes brodées et ancien 15 e 1 jeu maximax 1eur bijou=3€,prix nu '3' -> 3€ ; nombre isole dans la description : items possiblement fusionnes
287,2015-05-02,BOUAFLES,OK,False,1 chemisier+1robe=4€+1livre=2€+3paires de BO=1€,1 chemisier+1robe=4€+1livre=2€+3paires de BO=1€,1 item(s) sans prix
291,2013-05-05,BOUAFLES,OK,False,2 livres anciens de 1780=1€+bijoux=3€+livres=2€,2 livres anciens de 1780=1€+bijoux=3€+livres=2€,
292,2013-05-04,BOUAFLES,OK,False,Vélo=50€+Oeufs=15€+forain=12€+livres parisien à madagascar=5€+boite de couture=4€+livres divers=5€+pose livre=3€,Vélo=50€+Oeufs=15€+forain=12€+livres parisien à madagascar=5€+boite de couture=4€+livres divers=5€+pose livre=3€,
296,2022-06-19,BOUCONVILLERS,OK,False,pas dachats=0€,pas dachats=0€,
297,2018-06-17,BOUCONVILLERS,OK,False,Dame jeanne Lucarne=5€+figurines Asterix=10€+Disques=4€+Divers=3€+etiquettes=3€,Dame jeanne Lucarne=5€+figurines Asterix=10€+Disques=4€+Divers=3€+etiquettes=3€,
298,2019-06-16,BOUCONVILLERS,OK,False,Lot de disques pour gramophone=7€+plat le crreuset=1€,Lot de disques pour gramophone=7€+plat le crreuset=1€,
299,2019-06-16,BOUCONVILLERS,OK,False,Guitare=5€+Disques=2€+Livres Yannick=4€+Livre exercices vintage=1€+Assiettes voitures Gien=5€,Guitare=5€+Disques=2€+Livres Yannick=4€+Livre exercices vintage=1€+Assiettes voitures Gien=5€,
300,2022-06-19,BOUCONVILLERS,OK,False,Plaque tracteur=9€+chevaux=2€,Plaque tracteur=9€+chevaux=2€,
301,2017-06-04,BOUFFEMONT,OK,False,Livres Verre rock modiano ovni=9€+Cadres=7€+torchons=5€+Laguiole=2€+Grimaldi=1€+tartes roquefort=3€,Livres Verre rock modiano ovni=9€+Cadres=7€+torchons=5€+Laguiole=2€+Grimaldi=1€+tartes roquefort=3€,
303,2009-05-30,BOUFFEMONT,MANUEL,False,Viser Lesseps à Coté du rond -point.Gran de Brocante,Viser Lesseps à Coté du rond -point.Gran de Brocante,aucun prix exploitable dans l'entree
304,2011-06-12,BOUFFEMONT,MANUEL,False,Moins dexposants.peu dense,Moins dexposants.peu dense,aucun prix exploitable dans l'entree
306,2018-09-30,BOUGIVAL,DOUTEUX,True,Livres champignons+cuisine Dumas 6€+Livres 14/18 5€+Disque curiosa 2€+Déco Noel 10€+Pain raisin 2€+Porte clé 5€,Livres champignons+cuisine Dumas=6€+Livres 14=19€+Disque curiosa=2€+Déco Noel=10€+Pain raisin=2€+Porte clé=5€,decimale '18 5€' -> 19€ (arrondi sup.) ; 1 item(s) sans prix
308,2017-07-02,BOYNES,OK,False,Haricots=8€+Oeufs 50=7€+Pain epice=8€+Miel=12€+Livres=3€+tupperware=2€+Cloches=3€+couteau=5€+jey-u=1€,Haricots=8€+Oeufs 50=7€+Pain epice=8€+Miel=12€+Livres=3€+tupperware=2€+Cloches=3€+couteau=5€+jey-u=1€,
309,2023-07-01,BRENOUILLE,OK,False,2 Boites plastiques=1€+pot a vis Le parfait=1€,2 Boites plastiques=1€+pot a vis Le parfait=1€,
311,2015-08-02,BRETTEVILLE,OK,False,Service bleu villeroy=8€+livre négres=4€+cafetiere villeroy=4€+revue 1908=4€+livres abeilles=2€,Service bleu villeroy=8€+livre négres=4€+cafetiere villeroy=4€+revue 1908=4€+livres abeilles=2€,
316,2023-04-16,BREVAL,OK,False,pléiade=20€+Colette=10€+hansi=20€+cuisine éloges=4€+missel=5€+arcopal=3€+space invaders=5€+jules verne=10€+l-divers=3€,pléiade=20€+Colette=10€+hansi=20€+cuisine éloges=4€+missel=5€+arcopal=3€+space invaders=5€+jules verne=10€+l-divers=3€,
317,2020-07-26,BREVAL,OK,False,Vaisselle MASON=18€+Porte clé=6€+Bocaux déco=3€+sandwich=3€,Vaisselle MASON=18€+Porte clé=6€+Bocaux déco=3€+sandwich=3€,
318,2020-08-02,BREVAL,OK,False,Vaisselle MASON=18€+Porte clé=6€+Bocaux déco=3€+sandwich=3€,Vaisselle MASON=18€+Porte clé=6€+Bocaux déco=3€+sandwich=3€,
321,2022-07-17,BREVAL,OK,False,Lagarde-Michard=20€+Livre=2€+sac vintage=2€,Lagarde-Michard=20€+Livre=2€+sac vintage=2€,
325,2018-08-04,BRICQUEBEC,DOUTEUX,True,Revues 14-18 10€ + Livré Manche 7€+Plat Gien 2€+Assiettes VB amsterdam 20€+Assiettes amsterdam 20€+Porte Clés 7€+Boulangerie 3€,Revues 14=19€+Livré Manche=7€+Plat Gien=2€+Assiettes VB amsterdam=20€+Assiettes amsterdam=20€+Porte Clés=7€+Boulangerie=3€,decimale '18 10€' -> 19€ (arrondi sup.)
326,2019-08-03,BRICQUEBEC,OK,False,Assiettes+Plats V&B=8€+Porte Clés=1€+Livres=2€+Flan=2€+Gadget=1€,Assiettes+Plats V&B=8€+Porte Clés=1€+Livres=2€+Flan=2€+Gadget=1€,1 item(s) sans prix
327,2019-08-03,BRICQUEBEC,OK,False,livres=5€+tapis de bains=4€,livres=5€+tapis de bains=4€,
328,2015-08-01,BRICQUEBEC,OK,False,livres anciens (bible du 17eme)=15€,livres anciens (bible du 17eme)=15€,
329,2018-08-04,BRICQUEBEC,OK,False,2 draps en lin=10€+livre musique théatre=2€,2 draps en lin=10€+livre musique théatre=2€,
334,2009-07-26,BRIERES-LES-SCELLES,MANUEL,False,confisueur . Cimetiere passy,confisueur . Cimetiere passy,aucun prix exploitable dans l'entree
337,2013-05-12,BRUYERES-SUR-OISE,DOUTEUX,True,10 8€ oeufs+6€ rhubarbe +18€ boite négatifs sur verre+5€ livre peches+3€boite jeux backgammon+,oeufs=11€+rhubarbe=6€+boite négatifs sur verre=18€+livre peches=5€+boite jeux backgammon=3€,decimale '10 8€' -> 11€ (arrondi sup.)
339,2012-10-28,BUCHELAY,MANUEL,False,b,b,aucun prix exploitable dans l'entree
341,2013-06-30,BUHY,OK,False,boite de couleurspeintures=10€+couteau=8€+stylos=2€,boite de couleurspeintures=10€+couteau=8€+stylos=2€,
342,2013-06-30,BUHY,OK,False,8 laine+3 lampe berger+assiette bebe chauffante=4€+jeu de carte=2€,8 laine+3 lampe berger+assiette bebe chauffante=4€+jeu de carte=2€,2 item(s) sans prix
343,2023-05-20,BULLION,OK,False,charcuterie=15€+Marivaux=20€+Affiches=13€+Porsche=3€+camion=2€+aikido=2€+remiColette=1€+nepasderranger=2€,charcuterie=15€+Marivaux=20€+Affiches=13€+Porsche=3€+camion=2€+aikido=2€+remiColette=1€+nepasderranger=2€,
344,2018-05-12,BULLION,OK,False,livrespeches=10€+livres cuisine=1€+portefeuille texier=1€+livres pêches=2€,livrespeches=10€+livres cuisine=1€+portefeuille texier=1€+livres pêches=2€,
345,2013-05-11,BULLION,OK,False,Paradis perdu=40€+couverts laguiole=15€+bijoux=10€+boite=5€+livres=5€,Paradis perdu=40€+couverts laguiole=15€+bijoux=10€+boite=5€+livres=5€,
346,2018-05-12,BULLION,OK,False,1 plat rectangulaire V&B=1€+2 tee+shirts cheval=2€+assiettes Francine=7€,1 plat rectangulaire V&B=1€+2 tee+shirts cheval=2€+assiettes Francine=7€,1 item(s) sans prix
347,2023-05-20,BULLION,DOUTEUX,True,4 parures de Draps=12€+bouton=4€+Figurine Potter 4+Chemise de nuit ancienne=10€,4 parures de Draps=12€+bouton=4€+Figurine Potter=4€+Chemise de nuit ancienne=10€,prix nu '4' -> 4€
348,2022-05-01,BUTRY-SUR-OISE,OK,False,Lot Dentelle=3€+maillot bains=2€,Lot Dentelle=3€+maillot bains=2€,
351,2023-09-03,CAPPELLE-LA-GRANDE,DOUTEUX,True,Collier Swaroski  3 + lot nappe et serviette blanches & rouges  15  + boîte avec boucle ceinture  3  +2 boites métal  0 5,Collier Swaroski=3€+lot nappe et serviette blanches & rouges=15€+boîte avec boucle ceinture=3€+2 boites métal=1€,prix nu '3' -> 3€ ; prix nu '15' -> 15€ ; prix nu '3' -> 3€ ; prix nu '0 5' -> 1€ ; decimale -> 1€ (arrondi sup.) ; nombre isole dans la description : items possiblement fusionnes
352,2022-08-06,CARENTAN,MANUEL,False,rien acheté,rien acheté,aucun prix exploitable dans l'entree
354,2023-09-24,CARRIÈRES-SOUS-POISSY,DOUTEUX,True,torchons  5+patrons m&t  1+ De Gaulle   1 + tissus ecossais   1 + 2 livres couture  4+ laine brodeuse  1 + 3  jeu de carte voiture  2 + tete brosse a dants oral B  2,torchons=5€+patrons m&t=1€+De Gaulle=1€+tissus ecossais=1€+2 livres couture=4€+laine brodeuse=1€+3 jeu de carte voiture=2€+tete brosse a dants oral B=2€,prix nu '5' -> 5€ ; prix nu '1' -> 1€ ; prix nu '1' -> 1€ ; prix nu '1' -> 1€ ; prix nu '4' -> 4€ ; nombre isole dans la description : items possiblement fusionnes ; prix nu '1' -> 1€ ; prix nu '2' -> 2€ ; nombre isole dans la description : items possiblement fusionnes ; prix nu '2' -> 2€
355,2011-05-14,CARRIÈRES-SOUS-POISSY,MANUEL,False,https //docs.google.com/leaf?id=0B97L9kDQHDbuYmUxZGM0MjYtZDNkMS00NzM5LWFjMjQtODJkM2MyMzFlOTMw&hl=fr,https //docs.google.com/leaf?id=0B97L9kDQHDbuYmUxZGM0MjYtZDNkMS00NzM5LWFjMjQtODJkM2MyMzFlOTMw&hl=fr,aucun prix exploitable dans l'entree
357,2011-05-14,CARRIÈRES-SOUS-POISSY,MANUEL,False,https //docs.google.com/leaf?id=0B97L9kDQHDbuYmM0NGEyMWEtOWIwNi00ZDU0LWIzODMtZjRiMzFkNDQ3Nzgy&hl=fr,https //docs.google.com/leaf?id=0B97L9kDQHDbuYmM0NGEyMWEtOWIwNi00ZDU0LWIzODMtZjRiMzFkNDQ3Nzgy&hl=fr,aucun prix exploitable dans l'entree
358,2017-09-17,CARRIÈRES-SOUS-POISSY,OK,False,Jeux 7 familles=3€+Livre=3€,Jeux 7 familles=3€+Livre=3€,
359,2013-06-22,CARRIÈRES-SOUS-POISSY,MANUEL,False,Blouson,Blouson,aucun prix exploitable dans l'entree
362,2016-09-18,CARRIÈRES-SOUS-POISSY,DOUTEUX,True,Buvard  40€+Cuilleres christofle 5€+Poupee 5€+dinette années cinquante 10€+ramequin staub  0 5€ 3 ramequin le Creuset  10€+ livre epinal recent 2€,Buvard=40€+Cuilleres christofle=5€+Poupee=5€+dinette années cinquante=10€+ramequin staub=1€+3 ramequin le Creuset=10€+livre epinal recent=2€,decimale '0 5€' -> 1€ (arrondi sup.)
370,2017-05-14,CERGY,OK,False,Gros grain couture=3€,Gros grain couture=3€,
371,2014-10-05,CERGY,OK,False,livre le chat noit=5€+1 robe=1€+1 feuille cuisson weigt watcher=1€+1 livre cheval=1€,livre le chat noit=5€+1 robe=1€+1 feuille cuisson weigt watcher=1€+1 livre cheval=1€,
372,2017-05-14,CERGY,OK,False,Chapelet Médaille=12€+2 sandwich Rillettes=6€+Livre occupation=3€+Goncourt=2€+Boite vis=3€,Chapelet Médaille=12€+2 sandwich Rillettes=6€+Livre occupation=3€+Goncourt=2€+Boite vis=3€,
373,2023-10-01,CERGY,OK,False,vaisselle 70s=20€+petites bd adultes =3'',vaisselle 70s=20€+petites bd adultes =3'',1 item(s) sans prix
374,2017-05-21,CERGY,OK,False,6 verres vittel neuf=2€,6 verres vittel neuf=2€,
376,2022-10-02,CERGY,OK,False,Jeton en os=2€+livre train=3€,Jeton en os=2€+livre train=3€,
377,2022-10-02,CERGY,OK,False,livres voitures=35€+tableau Marchal=10€,livres voitures=35€+tableau Marchal=10€,
379,2014-11-23,CERGY,OK,False,2 livres 1770 iliade=20€+30 assiettes villeroy=20€+livres anciens=5€+assiettes huitres=2€+fantasio=10€,2 livres 1770 iliade=20€+30 assiettes villeroy=20€+livres anciens=5€+assiettes huitres=2€+fantasio=10€,
380,2018-10-07,CERGY,OK,False,4 Porte-clés+1 croix=2€,4 Porte-clés+1 croix=2€,1 item(s) sans prix
382,2015-05-24,CERGY,OK,False,tirelire=2€+quilllet=2€+shadoks=3€+cloche verre=2€+partition genesis=2€+enfonce bouchon ancien=1€+sandwich=3€+livre les chartreux=2€,tirelire=2€+quilllet=2€+shadoks=3€+cloche verre=2€+partition genesis=2€+enfonce bouchon ancien=1€+sandwich=3€+livre les chartreux=2€,
384,2011-03-20,CERGY,MANUEL,False,https //docs.google.com/leaf?id=0B97L9kDQHDbuYzJiNmI3MjgtMjFjMi00YTJmLThiMGYtZTlhZDkyZDJhMzU4&hl=fr,https //docs.google.com/leaf?id=0B97L9kDQHDbuYzJiNmI3MjgtMjFjMi00YTJmLThiMGYtZTlhZDkyZDJhMzU4&hl=fr,aucun prix exploitable dans l'entree
386,2014-11-23,CERGY,DOUTEUX,True,assiettes fable 10 €- 2pulls 4€ - 1 panier osier0 50€ - sac 5€ - livre 2€ - jeu de carte 3€ assiette 1€,assiettes fable=10€+2pulls=4€+1 panier osier=1€+sac=5€+livre=2€+jeu de carte=3€+assiette=1€,decimale '0 50€' -> 1€ (arrondi sup.)
387,2016-05-22,CERGY,MANUEL,False,rien trouvé,rien trouvé,aucun prix exploitable dans l'entree
388,2014-03-23,CERGY,OK,False,livre chaumont=10€+verres cristal+couture,livre chaumont=10€+verres cristal+couture,2 item(s) sans prix
389,2013-11-24,CERGY,OK,False,LIvres ecoles=18€+sousplat=2€+livre ecole=2€,LIvres ecoles=18€+sousplat=2€+livre ecole=2€,
390,2014-10-05,CERGY,OK,False,Verres ice tea=6€+livre tocqueville=1€+manuel jaquar honda=5€+range huitre=1€+gars de la marine=2€+puzzle=1€,Verres ice tea=6€+livre tocqueville=1€+manuel jaquar honda=5€+range huitre=1€+gars de la marine=2€+puzzle=1€,
391,2023-05-14,CERGY,OK,False,Bd Bidasse=3€+Pc=1€+calendrier=1€+guitare=3€+michelin=1€+glasgow=2€,Bd Bidasse=3€+Pc=1€+calendrier=1€+guitare=3€+michelin=1€+glasgow=2€,
392,2018-10-07,CERGY,OK,False,bd=3€+porte clés=4€,bd=3€+porte clés=4€,
394,2016-10-02,CERGY,OK,False,Nappe=2€+Sandwich=5€,Nappe=2€+Sandwich=5€,
395,2015-10-04,CERGY,OK,False,Partitions=2€+sandwich rillettes=3€,Partitions=2€+sandwich rillettes=3€,
396,2018-10-21,CERGY,OK,False,Les misérables reliés=4€,Les misérables reliés=4€,
397,2021-10-03,CERGY,OK,False,Livres=4€+vaisselle=9€,Livres=4€+vaisselle=9€,
400,2019-02-24,CERGY,OK,False,1 RÉVEIL LUCKY LUKE=1€,1 RÉVEIL LUCKY LUKE=1€,
402,2017-04-15,CERGY,DOUTEUX,True,1 paire de BO  0 5,1 paire de BO=1€,prix nu '0 5' -> 1€ ; decimale -> 1€ (arrondi sup.) ; nombre isole dans la description : items possiblement fusionnes
405,2015-05-24,CERGY,OK,False,1 livre ancien femme d aujourd hui+rouen 6E+1polo lacoste=3€+1 chemise s blanco=2€+1 pot villeroy=3€+2 ramequis villeroy=2€+2 pantalons moi=4€+1 coque pour mon iphone=1€,1 livre ancien femme d aujourd hui+rouen 6E+1polo lacoste=3€+1 chemise s blanco=2€+1 pot villeroy=3€+2 ramequis villeroy=2€+2 pantalons moi=4€+1 coque pour mon iphone=1€,2 item(s) sans prix
407,2016-05-22,CERGY,OK,False,Housse de Guitare=2€,Housse de Guitare=2€,
410,2019-04-14,CHALIFERT,DOUTEUX,True,Tortue (fonte ?) et verre   3€ - livre tricot ancien   0 50 €,Tortue (fonte ?) et verre=3€+livre tricot ancien=1€,decimale '0 50 €' -> 1€ (arrondi sup.)
411,2020-09-13,CHAMBLY,OK,False,Coffret Images+Cp=8€+Jeu Go=10€+Tomates=6€,Coffret Images+Cp=8€+Jeu Go=10€+Tomates=6€,1 item(s) sans prix
412,2020-09-06,CHAMBLY,OK,False,Coffret Images+Cp=8€+Jeu Go=10€+Tomates=6€,Coffret Images+Cp=8€+Jeu Go=10€+Tomates=6€,1 item(s) sans prix
413,2015-10-25,CHAMBLY,OK,False,urbain dubois=3€,urbain dubois=3€,
414,2015-04-19,CHAMBLY,OK,False,Roubo=30€+Voiture téléphone=20€+cuisine leon=5€+Bergé=5€+taie d oreiller=15€+pendule villeroy=4€+valise toilette=10€+livre ecole=3€,Roubo=30€+Voiture téléphone=20€+cuisine leon=5€+Bergé=5€+taie d oreiller=15€+pendule villeroy=4€+valise toilette=10€+livre ecole=3€,
415,2022-05-15,CHAMBLY,OK,False,becassine=12€+reiser=15€+Disque=4€,becassine=12€+reiser=15€+Disque=4€,
417,2015-04-19,CHAMBLY,OK,False,3 colliers=5€,3 colliers=5€,
420,2021-09-05,CHAMBORS,OK,False,partitions+livre=10€+assiette anglaise=2€+oeufs=3€+légumes=6€+livre partition=3€,partitions+livre=10€+assiette anglaise=2€+oeufs=3€+légumes=6€+livre partition=3€,1 item(s) sans prix
421,2021-09-05,CHAMBORS,OK,False,1 robe levis=2€,1 robe levis=2€,
422,2022-09-04,CHAMBORS,OK,False,poivrons=5€+livres=2€+yaourts=3€,poivrons=5€+livres=2€+yaourts=3€,
423,2023-09-03,CHAMBORS,OK,False,11xBoites Merceries=40€+calendier=10€+Renault=3€+Livres=5€+Poupées=5€+l-serviette=3€+porte clés=3€,11xBoites Merceries=40€+calendier=10€+Renault=3€+Livres=5€+Poupées=5€+l-serviette=3€+porte clés=3€,
424,2014-02-23,CHAMPAGNE-SUR-OISE,OK,False,Livres écoles=6€+pieds nickelés=6€,Livres écoles=6€+pieds nickelés=6€,
427,2016-02-28,CHAMPAGNE-SUR-OISE,OK,False,petit mecano=7€,petit mecano=7€,
428,2014-11-16,CHAMPAGNE-SUR-OISE,OK,False,1 guitare rose=5€+2 livres annee automobiles 1 carte villeroy 1 50- 1 p Boucles oreilles 50ct=2€+jeu magicien=3€+2 tasses villeroy=2€+4 livres ecoles=7€+1 livre rabier=2€+1torchon=1€,1 guitare rose=5€+2 livres annee automobiles 1 carte villeroy 1 50- 1 p Boucles oreilles 50ct=2€+jeu magicien=3€+2 tasses villeroy=2€+4 livres ecoles=7€+1 livre rabier=2€+1torchon=1€,
429,2015-02-22,CHAMPAGNE-SUR-OISE,OK,False,Horloge villeroy=3€+livre fables la fontaine=12€+plat le creuset=3€,Horloge villeroy=3€+livre fables la fontaine=12€+plat le creuset=3€,
430,2022-11-13,CHAMPAGNE-SUR-OISE,DOUTEUX,True,Porte clés Renault   0 5€ + 6 tasses V&B   15 € + Livre -revue (1930)  tricot et Crochet  2 €,Porte clés Renault=1€+6 tasses V&B=15€+Livre -revue (1930) tricot et Crochet=2€,decimale '0 5€' -> 1€ (arrondi sup.)
434,2015-02-22,CHAMPAGNE-SUR-OISE,OK,False,la pléiade ( Noël 2015 clem) 3 volumes=50€+christophe fenouillard=25€+tactique militaire=35€+3 vol figuier=10€+expérience insolites=8€,la pléiade ( Noël 2015 clem) 3 volumes=50€+christophe fenouillard=25€+tactique militaire=35€+3 vol figuier=10€+expérience insolites=8€,
435,2022-11-13,CHAMPAGNE-SUR-OISE,DOUTEUX,True,Livres anciens 2+cartes Suze 2+couverts 1,Livres anciens=2€+cartes Suze=2€+couverts=1€,prix nu '2' -> 2€ ; prix nu '2' -> 2€ ; prix nu '1' -> 1€
436,2013-11-17,CHAMPAGNE-SUR-OISE,OK,False,paté=40€+confitures=5€+livres paris=90€+ho=15€+rouen=5€+Napoleon=5€+glacons=4€+plateau=5€+r oman=3€+laguiole=2€+foot=1€,paté=40€+confitures=5€+livres paris=90€+ho=15€+rouen=5€+Napoleon=5€+glacons=4€+plateau=5€+r oman=3€+laguiole=2€+foot=1€,
439,2010-02-28,CHAMPAGNE-SUR-OISE,MANUEL,False,Affaires car seul,Affaires car seul,aucun prix exploitable dans l'entree
440,2016-02-28,CHAMPAGNE-SUR-OISE,OK,False,THÉIÈRE PLATEAU VILLEROY=10€,THÉIÈRE PLATEAU VILLEROY=10€,
441,2014-11-16,CHAMPAGNE-SUR-OISE,OK,False,assiettes groupe villeroy & bovh=7€+café villeroy=5€+livres et partition=5€+1 livre molere 1880=2€+tasses Villeroy=1€,assiettes groupe villeroy & bovh=7€+café villeroy=5€+livres et partition=5€+1 livre molere 1880=2€+tasses Villeroy=1€,
442,2015-11-07,CHAMPIGNY-SUR-MARNE,DOUTEUX,True,livres 4€ +ouvre boites 1960 2€+ID19 8€ + Quiche 4€,livres=4€+ouvre boites 1960=2€+ID=20€+Quiche=4€,decimale '19 8€' -> 20€ (arrondi sup.)
443,2018-11-03,CHAMPIGNY-SUR-MARNE,OK,False,Sandwich=5€+Porte clé Paroisse=13€+Porte clé Brocante=6€+Cadre photo=1€,Sandwich=5€+Porte clé Paroisse=13€+Porte clé Brocante=6€+Cadre photo=1€,
445,2013-11-09,CHAMPIGNY-SUR-MARNE,OK,False,livre femmes de versailles=10€+verres cristal arques=5€+livres aviaition=5€+porte-clefs=4€+livres divers=5€+flan=3€,livre femmes de versailles=10€+verres cristal arques=5€+livres aviaition=5€+porte-clefs=4€+livres divers=5€+flan=3€,
449,2016-11-05,CHAMPIGNY-SUR-MARNE,MANUEL,False,Livre dictionnaire francais/langue d oc,Livre dictionnaire francais/langue d oc,aucun prix exploitable dans l'entree
452,2014-11-08,CHAMPIGNY-SUR-MARNE,OK,False,Panier osier=6€+coupes frites ppur francine et clem=24€+gravures=5€+theiere+cafe villeroy &boch+lampes=10€+livres=7€+2 almanach vermot=5€,Panier osier=6€+coupes frites ppur francine et clem=24€+gravures=5€+theiere+cafe villeroy &boch+lampes=10€+livres=7€+2 almanach vermot=5€,2 item(s) sans prix
455,2016-11-05,CHAMPIGNY-SUR-MARNE,OK,False,Livre Senegal & Grammaire=17€+Partitions=6€+Patates=2€+Django=1€,Livre Senegal & Grammaire=17€+Partitions=6€+Patates=2€+Django=1€,
456,2017-07-02,CHANTECOQ,OK,False,tee shirt petit bateau=1€,tee shirt petit bateau=1€,
457,2017-07-02,CHANTECOQ,OK,False,Tasses Villeroy=1€,Tasses Villeroy=1€,
458,2021-06-19,CHANTELOUP-LES-VIGNES,MANUEL,False,Rien acheté,Rien acheté,aucun prix exploitable dans l'entree
460,2019-10-12,CHANTELOUP-LES-VIGNES,OK,False,Livres=6€,Livres=6€,
468,2018-10-13,CHANTELOUP-LES-VIGNES,MANUEL,False,Ceux de l artillerie  chars et Cavalerie + De la marbrure à la dominoterie décorations +cuir+Verre+jardins sans engrais chimique+illustrés+graveur sur bois+guide palestine+aerographie+que sais je sur les séries+accentuation grecque+livres écoles+Métier du,Ceux de l artillerie  chars et Cavalerie + De la marbrure à la dominoterie décorations +cuir+Verre+jardins sans engrais chimique+illustrés+graveur sur bois+guide palestine+aerographie+que sais je sur les séries+accentuation grecque+livres écoles+Métier du,aucun prix exploitable dans l'entree
472,2022-09-18,CHAPET,OK,False,1livre traiteur Pâté & Terrine=2€+lot bas nylon=2€,1livre traiteur Pâté & Terrine=2€+lot bas nylon=2€,
474,2022-11-06,CHARLEVAL,DOUTEUX,True,Pokemon 20+boutons 15+divers vieilles revues 4+Pots cuisine 6+revues colombophiles 5+tomates 3,Pokemon=20€+boutons=15€+divers vieilles revues=4€+Pots cuisine=6€+revues colombophiles=5€+tomates=3€,prix nu '20' -> 20€ ; prix nu '15' -> 15€ ; prix nu '4' -> 4€ ; prix nu '6' -> 6€ ; prix nu '5' -> 5€ ; prix nu '3' -> 3€
475,2012-11-04,CHARLEVAL,MANUEL,False,Des livres et de la qualité. je n ai rien trouvé,Des livres et de la qualité. je n ai rien trouvé,aucun prix exploitable dans l'entree
477,2022-11-06,CHARLEVAL,DOUTEUX,True,4 Potirons  4,4 Potirons=4€,prix nu '4' -> 4€ ; nombre isole dans la description : items possiblement fusionnes
478,2018-10-28,CHARS,OK,False,oeufs=9€+oignons=5€+pommes=2€+flans=3€+draps=20€+petits verres=3€+affiche course eragny=1€+assiettes=4€+tartine=1€+torchons=2€,oeufs=9€+oignons=5€+pommes=2€+flans=3€+draps=20€+petits verres=3€+affiche course eragny=1€+assiettes=4€+tartine=1€+torchons=2€,
480,2016-10-31,CHARS,DOUTEUX,True,livre guitare=1€+1 broche 1,livre guitare=1€+1 broche=1€,prix nu '1' -> 1€ ; nombre isole dans la description : items possiblement fusionnes
488,2018-05-19,CHATENAY-MALABRY,OK,False,Livres pAtisserie=10€+livres lot=2€+verre=2€,Livres pAtisserie=10€+livres lot=2€+verre=2€,
491,2023-05-29,CHATOU,OK,False,Affiches+babioles=38€+Cafetier=5€+Aviation=5€+Adrienne segur=2€+playmovil=5€,Affiches+babioles=38€+Cafetier=5€+Aviation=5€+Adrienne segur=2€+playmovil=5€,1 item(s) sans prix
492,2017-05-21,CHAUMONTEL,OK,False,Verres Cristal Arques=3€+Livre histoire=1€+Almanach Vermot=2€,Verres Cristal Arques=3€+Livre histoire=1€+Almanach Vermot=2€,
493,2017-04-16,CHAUSSY,OK,False,Oberthur Canards=30€+Asperges poireaux=25€,Oberthur Canards=30€+Asperges poireaux=25€,
497,2022-04-17,CHAUSSY,MANUEL,False,rien acheté,rien acheté,aucun prix exploitable dans l'entree
498,2016-04-17,CHAUSSY,OK,False,Plat Villeroy=1€+asperges=20€+reveil=2€,Plat Villeroy=1€+asperges=20€+reveil=2€,
503,2017-06-17,CHELLES,OK,False,22 franges brosserie Marchand=20€+2 Porte-menus=5€+livres bd (jetés)=3€+Tapis Yoga Reebok=5€,22 franges brosserie Marchand=20€+2 Porte-menus=5€+livres bd (jetés)=3€+Tapis Yoga Reebok=5€,
505,2017-06-17,CHELLES,OK,False,1 foulard soie=1€+tricot fourche gabriel=4€+service the johnson rose chintz=8€+BO=1€,1 foulard soie=1€+tricot fourche gabriel=4€+service the johnson rose chintz=8€+BO=1€,
511,2017-07-22,CIERREY,OK,False,Appareils photo=5€+Chapeaux=5€+Bob Bobette=3€+Tomates Poivrons=11€+Colliers=2€,Appareils photo=5€+Chapeaux=5€+Bob Bobette=3€+Tomates Poivrons=11€+Colliers=2€,
514,2017-07-22,CIERREY,OK,False,sac+boîte de rgt=5€+3 lessives=10€+hygiène fra=20€,sac+boîte de rgt=5€+3 lessives=10€+hygiène fra=20€,1 item(s) sans prix
516,2015-07-05,CIRES-LES-MELLO,DOUTEUX,True,jeu d echecs avec grande pieces (dommage il manquait 1 pion)  5€-4 livres la fontaines  5€ pommes de terre  3 50€ rhubarbe  2€ - creme 6€,jeu d echecs avec grande pieces (dommage il manquait 1 pion)=5€+4 livres la fontaines=5€+pommes de terre=4€+rhubarbe=2€+creme=6€,decimale '3 50€' -> 4€ (arrondi sup.)
517,2014-07-06,CIRES-LES-MELLO,DOUTEUX,True,1 cubik a 0 50,1 cubik a=1€,prix nu '0 50' -> 1€ ; decimale -> 1€ (arrondi sup.) ; nombre isole dans la description : items possiblement fusionnes
518,2018-07-01,CIRES-LES-MELLO,MANUEL,False,vaisselle arcopal colorée (Anne Marie),vaisselle arcopal colorée (Anne Marie),aucun prix exploitable dans l'entree
521,2022-06-26,CLÉRY-EN-VEXIN,OK,False,Livres=3€,Livres=3€,
522,2023-06-25,CLÉRY-EN-VEXIN,DOUTEUX,True,Soldats=10€+Peinture=5€+Livre=2€+Assiette 3+leforestier=2€+écoles=3€,Soldats=10€+Peinture=5€+Livre=2€+Assiette=3€+leforestier=2€+écoles=3€,prix nu '3' -> 3€
523,2017-06-25,CLÉRY-EN-VEXIN,OK,False,Asperges=18€+Poêlon=1€,Asperges=18€+Poêlon=1€,
524,2019-06-30,CLÉRY-EN-VEXIN,DOUTEUX,True,Rhubarbe  2 5€ - laitue  1 3 € - fraises   22 €,Rhubarbe=3€+laitue=2€+fraises=22€,decimale '2 5€' -> 3€ (arrondi sup.) ; decimale '1 3 €' -> 2€ (arrondi sup.)
526,2017-06-25,CLÉRY-EN-VEXIN,OK,False,1 plateau VB+1 tasse VB 1 50 -lot de 4 tasses roses Villeroy=4€+lot de petits cadres=1€+rhubarbe=2€,1 plateau VB+1 tasse VB 1 50 -lot de 4 tasses roses Villeroy=4€+lot de petits cadres=1€+rhubarbe=2€,1 item(s) sans prix
529,2018-06-24,CLÉRY-EN-VEXIN,OK,False,porte clé 0 20 ct+livre Vie du Rail 0 50 ct+tee shirt=2€+1 taie oreiller ancienne=1€,porte clé 0 20 ct+livre Vie du Rail 0 50 ct+tee shirt=2€+1 taie oreiller ancienne=1€,2 item(s) sans prix
530,2014-06-29,CLÉRY-EN-VEXIN,OK,False,oeufs=13€,oeufs=13€,
531,2018-06-24,CLÉRY-EN-VEXIN,OK,False,colliers=15€+légumes=30€,colliers=15€+légumes=30€,
534,2015-08-15,COLOMBELLES,OK,False,plat villeroy ( couvercle cassé)=4€+couverts=3€,plat villeroy ( couvercle cassé)=4€+couverts=3€,
535,2015-08-15,COLOMBELLES,OK,False,coquetiers villeroy+plat=1€+veste=2€,coquetiers villeroy+plat=1€+veste=2€,1 item(s) sans prix
541,2019-06-23,CONDE-SUR-VESGRE,OK,False,Lot de verre V&B+Lot Bijou=12€+UN miroir a poser=2€,Lot de verre V&B+Lot Bijou=12€+UN miroir a poser=2€,1 item(s) sans prix
542,2023-05-14,CONDECOURT,OK,False,Livres Voiture=12€+1 moule à manqué V&B = 2 -Tasse thé anglaise Queen=6€+5 T Shirt=3€+3 Saturateurs radiateur=2€,Livres Voiture=12€+1 moule à manqué V&B = 2 -Tasse thé anglaise Queen=6€+5 T Shirt=3€+3 Saturateurs radiateur=2€,
543,2018-05-13,CONDECOURT,OK,False,drap en chanvre ancien=4€,drap en chanvre ancien=4€,
544,2014-05-11,CONDECOURT,OK,False,1livre (peuple de france=5€+couette blanche=2€,1livre (peuple de france=5€+couette blanche=2€,
545,2014-05-11,CONDECOURT,OK,False,livres bonnot=8€+livres mecanique=3€+bijoux metal=5€+rubarbe cocotte 4=6€,livres bonnot=8€+livres mecanique=3€+bijoux metal=5€+rubarbe cocotte 4=6€,
547,2023-04-30,CONFLANS-SAINTE-HONORINE,OK,False,lot revue Auto sports=4€+1 livre broderie pt de croix=1€,lot revue Auto sports=4€+1 livre broderie pt de croix=1€,
548,2023-04-30,CONFLANS-SAINTE-HONORINE,OK,False,livres assoce=20€+livre voiture=7€+porte-clé=2€,livres assoce=20€+livre voiture=7€+porte-clé=2€,
549,2022-05-01,CONFLANS-SAINTE-HONORINE,OK,False,Service oreangeade=10€+porte clé=1€,Service oreangeade=10€+porte clé=1€,
552,2016-06-19,CONFLANS-SAINTE-HONORINE,OK,False,trouvé 1 plat et 2 assiettes VB jean hadrien mercier+des boites en coquillage+1 pot a lait vb=6€+des taies d oreillers anciennes en lin a=1€+piece=20€+1livre guitare duteil=1€+1 passeroire verte et son ecumoire et sa louche (personnes qui=2€,trouvé 1 plat et 2 assiettes VB jean hadrien mercier+des boites en coquillage+1 pot a lait vb=6€+des taies d oreillers anciennes en lin a=1€+piece=20€+1livre guitare duteil=1€+1 passeroire verte et son ecumoire et sa louche (personnes qui=2€,2 item(s) sans prix
553,2017-05-21,CONFLANS-SAINTE-HONORINE,OK,False,1 Livre=1€+1 bracelet=1€,1 Livre=1€+1 bracelet=1€,
559,2018-06-03,CONFLANS-SAINTE-HONORINE,OK,False,Chapelet nacre et 1 bracelet (vérifier si ivoire )=3€+foulard soie vintage=2€,Chapelet nacre et 1 bracelet (vérifier si ivoire )=3€+foulard soie vintage=2€,
560,2014-05-25,CONFLANS-SAINTE-HONORINE,OK,False,BD=19€+Livres=3€+lithographie=2€+mouchoirs anciens=3€,BD=19€+Livres=3€+lithographie=2€+mouchoirs anciens=3€,
562,2014-06-22,CONFLANS-SAINTE-HONORINE,OK,False,livres francine (chansons)=5€+images religieuses=5€+verre 1973=1€,livres francine (chansons)=5€+images religieuses=5€+verre 1973=1€,
565,2018-06-03,CONFLANS-SAINTE-HONORINE,DOUTEUX,True,Tableau campagne 4€+Pièces Astérix plastoy 8€+gien 1.5€+echecs 1€+pendule echecs 3€+Pétainades 1€+livre camion 2€,Tableau campagne=4€+Pièces Astérix plastoy=8€+gien=2€+echecs=1€+pendule echecs=3€+Pétainades=1€+livre camion=2€,decimale '1.5€' -> 2€ (arrondi sup.)
567,2013-05-26,CONFLANS-SAINTE-HONORINE,OK,False,ménagére Varaguen=50€+Livre art s=20€+divers livres=15€+2 tapis=5€,ménagére Varaguen=50€+Livre art s=20€+divers livres=15€+2 tapis=5€,
570,2011-04-24,CONFLANS-SAINTE-HONORINE,MANUEL,False,Job,Job,aucun prix exploitable dans l'entree
571,2014-06-22,CONFLANS-SAINTE-HONORINE,OK,False,Un pantacourt adidas ( )- une veste=4€+jupe et BO=5€+unbracelet KDO noel=1€+1 plat le creuset=1€+1pot et ramequin anglias=3€+1 chemise-veste=1€,Un pantacourt adidas ( )- une veste=4€+jupe et BO=5€+unbracelet KDO noel=1€+1 plat le creuset=1€+1pot et ramequin anglias=3€+1 chemise-veste=1€,
573,2014-05-25,CONFLANS-SAINTE-HONORINE,OK,False,1 cocote fonte 0 50 eur+1 tasse 1eur+1diademe pour noel faustine=2€,1 cocote fonte 0 50 eur+1 tasse 1eur+1diademe pour noel faustine=2€,2 item(s) sans prix
575,2015-06-21,CONFLANS-SAINTE-HONORINE,OK,False,album photo=10€+boites=10€+livres formle 1=3€+couverts laguiole divers=5€+jumelles=3€+7 familles livre ecole=2€,album photo=10€+boites=10€+livres formle 1=3€+couverts laguiole divers=5€+jumelles=3€+7 familles livre ecole=2€,
576,2013-06-22,CONFLANS-SAINTE-HONORINE,OK,False,assiettes=4€+bijoux+camion russe=5€,assiettes=4€+bijoux+camion russe=5€,1 item(s) sans prix
586,2013-10-06,CORMEILLES-EN-PARISIS,OK,False,assiette clem=1€+2 tee shirt PH=7€+lot dinette=5€+livre courses auto=1€+creche playmonbil=2€+1 boite metal rose=1€+(faustine) 1 picsou=1€+2 voitures peugeot=5€+1tupperware=5€+torchon=2€,assiette clem=1€+2 tee shirt PH=7€+lot dinette=5€+livre courses auto=1€+creche playmonbil=2€+1 boite metal rose=1€+(faustine) 1 picsou=1€+2 voitures peugeot=5€+1tupperware=5€+torchon=2€,
587,2016-10-02,CORMEILLES-EN-PARISIS,OK,False,Moules flexipan=10€+Villeroy bocuse=2€+Conan=3€,Moules flexipan=10€+Villeroy bocuse=2€+Conan=3€,
588,2016-10-02,CORMEILLES-EN-PARISIS,OK,False,Café=2€+veste bijou 3=15€,Café=2€+veste bijou 3=15€,
589,2018-10-07,CORMEILLES-EN-PARISIS,OK,False,eau de cologne=3€+Porte cle=18€+diable=7€+classeurs timbre et cartes=10€+figurine=2€+Livre=8€,eau de cologne=3€+Porte cle=18€+diable=7€+classeurs timbre et cartes=10€+figurine=2€+Livre=8€,
592,2015-10-04,CORMEILLES-EN-PARISIS,DOUTEUX,True,1 veste cuir paul=18€+1 jeu d echecs=20€+5 livres (2 de sempe 1 la faontaine et 1 d enfants -1 livre clem)=5€+bijou=10€+chaussures=5€+piles=3€+Jeu hadrien=2€+2 tee shirt=5€+1 pince=1€+Assiettes VB=4€+1 bloc papier 0 5,1 veste cuir paul=18€+1 jeu d echecs=20€+5 livres (2 de sempe 1 la faontaine et 1 d enfants -1 livre clem)=5€+bijou=10€+chaussures=5€+piles=3€+Jeu hadrien=2€+2 tee shirt=5€+1 pince=1€+Assiettes VB=4€+1 bloc papier=1€,prix nu '0 5' -> 1€ ; decimale -> 1€ (arrondi sup.) ; nombre isole dans la description : items possiblement fusionnes
593,2022-10-02,CORMEILLES-EN-PARISIS,OK,False,Pouppe=5€+vaisselle Johnson=3€+Vaisselle Churchill=20€+lot coupons tissu=10€+Livre ancien relié numeroté=1€+Theiere anglaise numeroté=5€+Lot bijou=10€+Livre couture=2€+enveloppe=4€,Pouppe=5€+vaisselle Johnson=3€+Vaisselle Churchill=20€+lot coupons tissu=10€+Livre ancien relié numeroté=1€+Theiere anglaise numeroté=5€+Lot bijou=10€+Livre couture=2€+enveloppe=4€,
596,2015-10-04,CORMEILLES-EN-PARISIS,OK,False,Sacoche=6€+cordes=2€+album timbre=3€,Sacoche=6€+cordes=2€+album timbre=3€,
600,2018-10-07,CORMEILLES-EN-PARISIS,OK,False,1 figurine=2€+3 Boites bois=3€+1 boite orange=1€+2 assiettes VB et pot fleur miniature=2€+1 collier=2€+lot sacs zippée=1€+torchons lin=3€,1 figurine=2€+3 Boites bois=3€+1 boite orange=1€+2 assiettes VB et pot fleur miniature=2€+1 collier=2€+lot sacs zippée=1€+torchons lin=3€,
603,2013-09-15,CORMEILLES-EN-VEXIN,OK,False,Thermomix=5€+Livres=3€,Thermomix=5€+Livres=3€,
604,2016-09-18,CORMEILLES-EN-VEXIN,OK,False,Malette cuir=6€+Menu crepe americain=2€+fruits legumes=12€,Malette cuir=6€+Menu crepe americain=2€+fruits legumes=12€,
605,2016-09-18,CORMEILLES-EN-VEXIN,OK,False,1 ts adidas ph=3€,1 ts adidas ph=3€,
606,2019-04-14,COUBRON,DOUTEUX,True,1 porte cle lego  0 20€ - 2 livres thermomix   6 € -  6 torchons   2€ - 4 suspensions   0 50 €,1 porte cle lego=1€+2 livres thermomix=6€+6 torchons=2€+4 suspensions=1€,decimale '0 20€' -> 1€ (arrondi sup.) ; decimale '0 50 €' -> 1€ (arrondi sup.)
608,2017-07-14,COULOMMIERS,OK,False,Salades=3€,Salades=3€,
611,2018-04-08,COURCELLES-LÈS-GISORS,OK,False,casseroles Cousance=30€+assiettes arcopal=1€,casseroles Cousance=30€+assiettes arcopal=1€,
612,2019-04-07,COURCELLES-LÈS-GISORS,OK,False,Paté=50€,Paté=50€,
613,2022-04-03,COURCELLES-LÈS-GISORS,OK,False,journaux 1880=10€+assiettes=5€+livres=3€+livre école=7€+nappes=8€,journaux 1880=10€+assiettes=5€+livres=3€+livre école=7€+nappes=8€,
615,2023-04-02,COURCELLES-LÈS-GISORS,OK,False,Assiette=4€+ecole=1€+boutons=1€,Assiette=4€+ecole=1€+boutons=1€,
616,2016-04-10,COURCELLES-LÈS-GISORS,OK,False,Paté garde chasse ex meilleur ouvrier=40€,Paté garde chasse ex meilleur ouvrier=40€,
617,2021-09-05,COURCELLES-LÈS-GISORS,OK,False,Chansons paillarde=20€+poupée mécanique=5€,Chansons paillarde=20€+poupée mécanique=5€,
618,2022-05-01,COURCELLES-SUR-VIOSNE,DOUTEUX,True,Livre La coupe dor   2€ +Bobine fils  0 4€ +2 Broches  1 € +deco cuivre   4 € + Boutons anciens   2 € +Chapelet moine   3 € + Livre Noms de 1904  1 €,Livre La coupe dor=2€+Bobine fils=1€+2 Broches=1€+deco cuivre=4€+Boutons anciens=2€+Chapelet moine=3€+Livre Noms de 1904=1€,decimale '0 4€' -> 1€ (arrondi sup.)
620,2015-05-01,COURCELLES-SUR-VIOSNE,OK,False,livres (bibiche-histoire aeronautique=13€+chasses+2livrets vexin)+gel douche=4€,livres (bibiche-histoire aeronautique=13€+chasses+2livrets vexin)+gel douche=4€,2 item(s) sans prix
621,2015-05-01,COURCELLES-SUR-VIOSNE,OK,False,Livres=13€+asprges=50€+paté,Livres=13€+asprges=50€+paté,1 item(s) sans prix
623,2015-05-10,COURDIMANCHE,DOUTEUX,True,2 jeux nintendo  6 € - 2vestes 8 € -2gravures anciennes   4€ - bagues et BO  5€ -1 tasse +ss tasse villeroy  0 5€- 1 livre cuisine faustine  3€ - 1livre EPA ferrari 1€ - 3BD 3€,2 jeux nintendo=6€+2vestes=8€+2gravures anciennes=4€+bagues et BO=5€+1 tasse+ss tasse villeroy=1€+1 livre cuisine faustine=3€+1livre EPA ferrari=1€+3BD=3€,decimale '0 5€' -> 1€ (arrondi sup.) ; 1 item(s) sans prix
627,2014-05-04,COURDIMANCHE,DOUTEUX,True,5€ livres ecoles myen etat.5€ rideau.2€ livres peches dinette 2€ qq bijoux pur 3€,livres ecoles myen etat.5€ rideau.2€ livres peches dinette=5€+qq bijoux pur=2€+?=3€,description vide
629,2022-05-22,COURDIMANCHE,OK,False,3 Livres ecoles anciens & 1 livre procelaine=4€,3 Livres ecoles anciens & 1 livre procelaine=4€,
632,2017-05-14,COURDIMANCHE,OK,False,1 assiet-plat+1 saucière VB=6€+1LIVRE TOUR DE FRANCE=1€+2 TAPIS VOITURE=3€+QQ VÊTEMENTS=5€+2 COLLIERS=4€,1 assiet-plat+1 saucière VB=6€+1LIVRE TOUR DE FRANCE=1€+2 TAPIS VOITURE=3€+QQ VÊTEMENTS=5€+2 COLLIERS=4€,1 item(s) sans prix
634,2018-05-27,COURDIMANCHE,OK,False,2 plantes grasses=1€,2 plantes grasses=1€,
635,2019-05-12,COURDIMANCHE,OK,False,Divers figurines (=3€+) cadres année 50/60=4€,Divers figurines (=3€+) cadres année 50/60=4€,
636,2016-05-22,COURDIMANCHE,OK,False,Livre Villon=8€,Livre Villon=8€,
637,2016-05-22,COURDIMANCHE,OK,False,torchons=80€+foulard=2€,torchons=80€+foulard=2€,
639,2019-08-10,CREANCES,OK,False,Nourriture=9€+Légumes=20€+tirelire à casser=10€+livre moto=5€+ivre coqs=3€+porte clés=3€+vaisselle=5€+6obelix=2€+torchons=12€,Nourriture=9€+Légumes=20€+tirelire à casser=10€+livre moto=5€+ivre coqs=3€+porte clés=3€+vaisselle=5€+6obelix=2€+torchons=12€,
640,2022-08-13,CREANCES,OK,False,couteaux V&B=18€+Reveil=1€+livre=2€+tomates=5€+Mirabelles=10€,couteaux V&B=18€+Reveil=1€+livre=2€+tomates=5€+Mirabelles=10€,
642,2019-08-10,CREANCES,OK,False,Nappe rouge à carreaux+serviettes=6€+2 chemises=4€+porte clé=1€+vaisselle=3€,Nappe rouge à carreaux+serviettes=6€+2 chemises=4€+porte clé=1€+vaisselle=3€,1 item(s) sans prix
643,2015-08-08,CREANCES,OK,False,Plats Villeroy=10€+legumes=5€,Plats Villeroy=10€+legumes=5€,
644,2022-08-13,CREANCES,OK,False,bracelet argent Faustine=2€,bracelet argent Faustine=2€,
646,2011-04-17,CRECY-LA-CHAPELLE,MANUEL,False,https //docs.google.com/leaf?id=0B97L9kDQHDbuZGJkN2I0NDUtZDQ5Ni00OTNmLTg4ZjYtYWZhNDI4MjdkZjNj&hl=fr,https //docs.google.com/leaf?id=0B97L9kDQHDbuZGJkN2I0NDUtZDQ5Ni00OTNmLTg4ZjYtYWZhNDI4MjdkZjNj&hl=fr,aucun prix exploitable dans l'entree
649,2019-05-30,CRÈVECŒUR-LE-GRAND,DOUTEUX,True,150pc 15€ +30 pc 40€+Livres ecoles 10€+ divers pc+15€+Péage 12€+Nourriture 12€,150pc=15€+30 pc=40€+Livres ecoles=10€+divers pc+?=15€+Péage=12€+Nourriture=12€,description vide ; 1 item(s) sans prix
652,2019-06-23,CROTH,OK,False,Oeufs=4€,Oeufs=4€,
653,2017-09-10,DAMMARTIN-EN-GOELE,OK,False,4 Assiettes Churchill=3€+2 livres bonnot=3€+Vêtement caroll=5€+2 Pull( phildar+123 )=2€+Bijou=5€+2 déjeuner sur place=22€,4 Assiettes Churchill=3€+2 livres bonnot=3€+Vêtement caroll=5€+2 Pull( phildar+123 )=2€+Bijou=5€+2 déjeuner sur place=22€,1 item(s) sans prix
654,2017-09-10,DAMMARTIN-EN-GOELE,DOUTEUX,True,Capsuleurs bar 5+Couteaux=10€+chiffons poussière=2€+toile émeri=1€+8 livres ecole=3€+lot fourchettes=3€+1 plat=3€,Capsuleurs bar=5€+Couteaux=10€+chiffons poussière=2€+toile émeri=1€+8 livres ecole=3€+lot fourchettes=3€+1 plat=3€,prix nu '5' -> 5€
655,2017-07-15,DAMVILLE,OK,False,Chapeau=8€+Sac hechter=2€+mini cendrier=2€,Chapeau=8€+Sac hechter=2€+mini cendrier=2€,
657,2023-04-30,DANGU,DOUTEUX,True,Poster=5€+bidules=5€+Livres 11,Poster=5€+bidules=5€+Livres=11€,prix nu '11' -> 11€
661,2017-06-24,DARNETAL,MANUEL,False,Livre calcul certificat,Livre calcul certificat,aucun prix exploitable dans l'entree
662,2017-06-24,DARNETAL,OK,False,2 colliers (biche de bere a agatha)=2€+1 livre Utilisation des canevas=1€,2 colliers (biche de bere a agatha)=2€+1 livre Utilisation des canevas=1€,
663,2018-07-29,DENNEVILLE,OK,False,Fournitures=5€,Fournitures=5€,
664,2019-07-28,DENNEVILLE,DOUTEUX,True,Echecs 5€+verres 11€+vaisselle 4€+seaux 2 5€,Echecs=5€+verres=11€+vaisselle=4€+seaux=3€,decimale '2 5€' -> 3€ (arrondi sup.)
668,2019-09-28,DOMONT,OK,False,Porte clés=3€+Torchons=12€+yaourtiere siemens=3€+sandwich=3€+livre chemin de fer=1€+cadre=3€,Porte clés=3€+Torchons=12€+yaourtiere siemens=3€+sandwich=3€+livre chemin de fer=1€+cadre=3€,
669,2018-09-29,DOMONT,OK,False,Cartes postales=4€+Jules Verne=20€+Assiettes VB Gendarmerie=10€+Porte clés=3€,Cartes postales=4€+Jules Verne=20€+Assiettes VB Gendarmerie=10€+Porte clés=3€,
670,2016-09-24,DOMONT,OK,False,2 cocottes Le Creuset=3€+dico cuisine Hugo=2€+Quiche=3€,2 cocottes Le Creuset=3€+dico cuisine Hugo=2€+Quiche=3€,
671,2023-09-23,DOMONT,DOUTEUX,True,bd+popup=20€+assiettes 13+livres=6€,bd+popup=20€+assiettes=13€+livres=6€,prix nu '13' -> 13€ ; 1 item(s) sans prix
672,2017-09-23,DOMONT,OK,False,Rajatape=14€+Plat Villeroy pour Four=4€+Villeroy Paloma=2€+Villeroy Kanton=2€+Livre années 70=1€+Sandwich=3€+épées saucisses=5€,Rajatape=14€+Plat Villeroy pour Four=4€+Villeroy Paloma=2€+Villeroy Kanton=2€+Livre années 70=1€+Sandwich=3€+épées saucisses=5€,
673,2022-09-24,DOMONT,DOUTEUX,True,Livre Paris 1896  2€ +petit plateau  1€ +livre anglais  0 50 cts + portecles & boite AVON 2€ +vetement poupee   4€ + robe annee 60/70  5€,Livre Paris 1896=2€+petit plateau=1€+livre anglais=1€+portecles & boite AVON=2€+vetement poupee=4€+robe annee 60/70=5€,decimale '0 50 cts' -> 1€ (arrondi sup.) ; unite 'cts' interpretee en euros
674,2018-09-29,DOMONT,DOUTEUX,True,3 porte clé Betty boop et 2figurine   2€ + 4 livres (thermomix  géographie  bd danse 1957  voyance sur photos) 2 5 + 5 cadres avec aquarelles  2 € + 4 pantalons ober   3€ + 2 tasses V&b  4€ +panier osier  0 50€ + boite a cartes postale,3 porte clé Betty boop et 2figurine=2€+4 livres (thermomix géographie bd danse 1957 voyance sur photos)=3€+5 cadres avec aquarelles=2€+4 pantalons ober=3€+2 tasses V&b=4€+panier osier=1€+boite a cartes postale,prix nu '2 5' -> 3€ ; decimale -> 3€ (arrondi sup.) ; nombre isole dans la description : items possiblement fusionnes ; decimale '0 50€' -> 1€ (arrondi sup.) ; 1 item(s) sans prix
675,2014-09-27,DOMONT,OK,False,sac lancel=40€+livre sur manège ancien 0 50- jupe et pantalon caroll=3€+1 rouge guerlain+bijou=2€+bouteille avec bouchon verre=1€,sac lancel=40€+livre sur manège ancien 0 50- jupe et pantalon caroll=3€+1 rouge guerlain+bijou=2€+bouteille avec bouchon verre=1€,1 item(s) sans prix
677,2015-09-26,DOMONT,OK,False,livres menuiserie=2€+livre art=4€+BD années 45=20€+chaussettes=40€+le creuset plat=2€+sandwich=3€,livres menuiserie=2€+livre art=4€+BD années 45=20€+chaussettes=40€+le creuset plat=2€+sandwich=3€,
679,2013-09-28,DOMONT,OK,False,couvre lit 4 eur pot vintage 1eur 3 paires collant 1 50 1 livre tour de france=1€+lampe berger=3€+jeu electronique=1€,couvre lit 4 eur pot vintage 1eur 3 paires collant 1 50 1 livre tour de france=1€+lampe berger=3€+jeu electronique=1€,
680,2017-09-23,DOMONT,OK,False,2 rouleaux rajatape=2€+1 lot compactor=1€+2 cadres=2€+porte+manteaux=2€+drap brode=5€,2 rouleaux rajatape=2€+1 lot compactor=1€+2 cadres=2€+porte+manteaux=2€+drap brode=5€,1 item(s) sans prix
681,2014-09-27,DOMONT,OK,False,couteaux anciens=5€+peinture=3€+livres=3€+sandwich=3€,couteaux anciens=5€+peinture=3€+livres=3€+sandwich=3€,
683,2013-09-28,DOMONT,OK,False,Karate=3€+SNCf=2€+repas=5€+tupperware=2€+ecole=2€,Karate=3€+SNCf=2€+repas=5€+tupperware=2€+ecole=2€,
684,2015-09-26,DOMONT,OK,False,livre violon- 2 livre guitare (partition=1€+Systeme d)=2€+1 poele le creuset=1€+jeu boite a couture=10€+2 robed jean=3€+2coffrets mt st michel=8€+1tube creme eucerin=5€,livre violon- 2 livre guitare (partition=1€+Systeme d)=2€+1 poele le creuset=1€+jeu boite a couture=10€+2 robed jean=3€+2coffrets mt st michel=8€+1tube creme eucerin=5€,
686,2022-08-07,DONVILLE-LES-BAINS,OK,False,Crepes+saucisse=10€,Crepes+saucisse=10€,1 item(s) sans prix
687,2019-08-11,DONVILLE-LES-BAINS,OK,False,boutons=5€,boutons=5€,
688,2018-09-22,DOURDAN,OK,False,33 tours=8€+Bracelet=2€+Sous verre=3€+Livres=4€+Cartes postales=4€+Porte clés=2€,33 tours=8€+Bracelet=2€+Sous verre=3€+Livres=4€+Cartes postales=4€+Porte clés=2€,
690,2018-09-22,DOURDAN,OK,False,Figues=5€,Figues=5€,
692,2013-04-21,DRANCY,OK,False,tableaux=30€+chapelet=3€+bd=2€+livres=10€+assiettes=3€,tableaux=30€+chapelet=3€+bd=2€+livres=10€+assiettes=3€,
693,2018-11-04,DRANCY,OK,False,Disques=5€+Sempé &cinema=3€+beaux Porte clés=8€+2 lecreuset=5€+porte clé=10€+livre monstres=5€+assiettes=3€,Disques=5€+Sempé &cinema=3€+beaux Porte clés=8€+2 lecreuset=5€+porte clé=10€+livre monstres=5€+assiettes=3€,
694,2017-04-02,DRANCY,OK,False,matchbox voiture Train=8€+casier tiroir=3€+livre rail=1€,matchbox voiture Train=8€+casier tiroir=3€+livre rail=1€,
695,2016-11-06,DRANCY,OK,False,24 Lames De rasoir=40€+Pince multiprise Stanley=5€+Clés alene Stanley=5€+Piles=4€+Tableau portier=2€+Peinture Bois=3€+Forets bois=4€+Mini Outils pour Smarphone&Tablettes=5€+Livres anciens Alexandre le gras '=5€+Avocats=4€+Livre belle reliure=2€+Roule,24 Lames De rasoir=40€+Pince multiprise Stanley=5€+Clés alene Stanley=5€+Piles=4€+Tableau portier=2€+Peinture Bois=3€+Forets bois=4€+Mini Outils pour Smarphone&Tablettes=5€+Livres anciens Alexandre le gras '=5€+Avocats=4€+Livre belle reliure=2€+Roule,1 item(s) sans prix
696,2019-11-10,DRANCY,MANUEL,False,l,l,aucun prix exploitable dans l'entree
697,2014-04-13,DRANCY,OK,False,fondue le creuset=2€+memoires d un piqueux=5€+1 livre champignons,fondue le creuset=2€+memoires d un piqueux=5€+1 livre champignons,1 item(s) sans prix
698,2014-11-23,DRANCY,OK,False,livre armoiries=5€+livre poseie et kamasoutra=3€+jeulexicon=2€,livre armoiries=5€+livre poseie et kamasoutra=3€+jeulexicon=2€,
699,2016-12-10,DRANCY,OK,False,Gant Baseball=5€+BD=2€+Poupée=5€+Torchons=3€+crepes et Café=5€+divers=5€+medaille téléthon=3€+boites=2€,Gant Baseball=5€+BD=2€+Poupée=5€+Torchons=3€+crepes et Café=5€+divers=5€+medaille téléthon=3€+boites=2€,
700,2013-12-07,DRANCY,OK,False,SLC=18€+livre ancien sur le s prix agricoles=8€+verres prefontaines=6€+cartes à jouer=6€+petits plats+voite a musique=5€+gien=5€+carte pierre cardin=2€,SLC=18€+livre ancien sur le s prix agricoles=8€+verres prefontaines=6€+cartes à jouer=6€+petits plats+voite a musique=5€+gien=5€+carte pierre cardin=2€,1 item(s) sans prix
701,2015-12-05,DRANCY,OK,False,Eau de cologne ancienne=14€+Couverts=4€+Echecs=3€+Gondole=2€,Eau de cologne ancienne=14€+Couverts=4€+Echecs=3€+Gondole=2€,
703,2017-04-02,DRANCY,OK,False,veste et teeshirt=15€+cadre=1€,veste et teeshirt=15€+cadre=1€,
704,2016-12-03,DRANCY,OK,False,Stars wars noel=20€+eau toilette coffret roget gallet=3€+4 pots creme coryse salomé=3€+saladier Villeroy=8€,Stars wars noel=20€+eau toilette coffret roget gallet=3€+4 pots creme coryse salomé=3€+saladier Villeroy=8€,
706,2015-12-05,DRANCY,OK,False,saumoniere=6€+Fil Thiriez=12€+grand moule brioches=4€,saumoniere=6€+Fil Thiriez=12€+grand moule brioches=4€,
707,2016-12-03,DRANCY,OK,False,Petitesboites de rangements de 1930 pour FRA=8€+Livre lacépède=3€+Parfum=10€+Coupe frites=2€+réveil=2€+20 sacs MnM=10€+silhouettes dans Verre=5€+boite de 6 grand verres neufs=5€,Petitesboites de rangements de 1930 pour FRA=8€+Livre lacépède=3€+Parfum=10€+Coupe frites=2€+réveil=2€+20 sacs MnM=10€+silhouettes dans Verre=5€+boite de 6 grand verres neufs=5€,
717,2016-11-06,DRANCY,DOUTEUX,True,2 tableaux 10€ + 1 pantalon +4 pull gerard darel  50 € + lot livres   4€ + livre porcelaine   1€ + 1 rouleau scholl   5€ + piles   2€ +gel douche  2 50€+ lot sous tasse VB   2€+ verre doseur  0 5€,2 tableaux=10€+1 pantalon+4 pull gerard darel=50€+lot livres=4€+livre porcelaine=1€+1 rouleau scholl=5€+piles=2€+gel douche=3€+lot sous tasse VB=2€+verre doseur=1€,decimale '2 50€' -> 3€ (arrondi sup.) ; decimale '0 5€' -> 1€ (arrondi sup.) ; 1 item(s) sans prix
721,2023-09-03,DUNKERQUE,DOUTEUX,True,Boutons  1,Boutons=1€,prix nu '1' -> 1€
724,2011-05-08,EAUBONNE,MANUEL,False,Paroissial. A faire en passant. Peu de monde,Paroissial. A faire en passant. Peu de monde,aucun prix exploitable dans l'entree
727,2023-05-18,ECOUEN,OK,False,Assiettes Gien Acapulco=25€+boutons couture=6€+train playmobil=5€+bd=2€+divers jeux=5€,Assiettes Gien Acapulco=25€+boutons couture=6€+train playmobil=5€+bd=2€+divers jeux=5€,
728,2015-05-14,ECOUEN,OK,False,grand plat lecreuset=4€+guitare vincent genod (ancien luthier)=8€+assiettes Villeroy=2€,grand plat lecreuset=4€+guitare vincent genod (ancien luthier)=8€+assiettes Villeroy=2€,
729,2013-06-02,ECOUEN,OK,False,ens Clem=5€+bijou=10€+livres=15€+drap=4€+cuisine=3€+rhubarbe=1€+1 Plat à=3€+2livres sur les stylos=6€+2livres effel et telerama=1€+et laine pour bergere de france et philadar=4€+1 livre Robuchon à=1€,ens Clem=5€+bijou=10€+livres=15€+drap=4€+cuisine=3€+rhubarbe=1€+1 Plat à=3€+2livres sur les stylos=6€+2livres effel et telerama=1€+et laine pour bergere de france et philadar=4€+1 livre Robuchon à=1€,
730,2014-05-29,ECOUEN,OK,False,livres galvanoplsatie=5€+cocotte=3€+menu=2€+illusions physiques=3€+livres=2€,livres galvanoplsatie=5€+cocotte=3€+menu=2€+illusions physiques=3€+livres=2€,
731,2018-05-10,ECOUEN,MANUEL,False,rien acheté,rien acheté,aucun prix exploitable dans l'entree
733,2015-05-14,ECOUEN,OK,False,1 boite en bois=6€+bijou=2€+2bd=2€,1 boite en bois=6€+bijou=2€+2bd=2€,
734,2016-05-05,ECOUEN,OK,False,livre modelisme train=1€+de livres sur le cheval acheté en direct avec un habitant 2 jours plust tard=85€,livre modelisme train=1€+de livres sur le cheval acheté en direct avec un habitant 2 jours plust tard=85€,
735,2013-06-02,ECOUEN,MANUEL,False,Rue du Maréchal Leclerc  Chemin de l Avenir  Chemin des Patissiers  et Avenue du Bicentenaire,Rue du Maréchal Leclerc  Chemin de l Avenir  Chemin des Patissiers  et Avenue du Bicentenaire,aucun prix exploitable dans l'entree
736,2023-05-18,ECOUEN,OK,False,Plat Cake Longwy=3€+planche à repasser=3€+torchon=15€+Amende=45€,Plat Cake Longwy=3€+planche à repasser=3€+torchon=15€+Amende=45€,
737,2014-05-29,ECOUEN,OK,False,1 spirou ancien=1€+1 plat le creuset=1€+1 porte monnaie dore (noel)=2€+1soupiere dinette=2€+1 jouet bois=2€,1 spirou ancien=1€+1 plat le creuset=1€+1 porte monnaie dore (noel)=2€+1soupiere dinette=2€+1 jouet bois=2€,
742,2023-09-17,ELANCOURT,OK,False,photos anciennes=50€+bd=10€+PC=1€+livre picasso=1€+bas=4€+baigneur=3€,photos anciennes=50€+bd=10€+PC=1€+livre picasso=1€+bas=4€+baigneur=3€,
747,2023-05-14,ENNERY,OK,False,Limoges=5€+playmobil=10€+ascot=10€+livres=10€+boites=5€+dessin=2€+carte=3€+torchons=5€,Limoges=5€+playmobil=10€+ascot=10€+livres=10€+boites=5€+dessin=2€+carte=3€+torchons=5€,
748,2018-06-03,ENNERY,OK,False,Tableau camp de la Courtine=15€+Porte clés=8€+torchons=10€+flûtes villeroy=2€+cartes postales=5€+Bonnot=5€+Jeu de loto ancien=3€,Tableau camp de la Courtine=15€+Porte clés=8€+torchons=10€+flûtes villeroy=2€+cartes postales=5€+Bonnot=5€+Jeu de loto ancien=3€,
749,2022-05-22,ENNERY,OK,False,1 blouson été fleuri=5€,1 blouson été fleuri=5€,
750,2018-06-03,ENNERY,OK,False,1 livre broderie ancien=2€,1 livre broderie ancien=2€,
751,2022-05-22,ENNERY,OK,False,Assiettes Cavalier=25€+boites boutons=5€+Livre=1€,Assiettes Cavalier=25€+boites boutons=5€+Livre=1€,
753,2015-05-31,ENNERY,OK,False,2 livres guitares=2€+1 pied de guitare 0 50 bijou=5€,2 livres guitares=2€+1 pied de guitare 0 50 bijou=5€,
759,2019-06-09,EPINAY-SUR-SEINE,OK,False,1 pot année 1950=1€,1 pot année 1950=1€,
760,2020-08-02,EPOISSES,OK,False,Linge ancien=35€+Pub=2€+pots en Verre=2€+PC=2€,Linge ancien=35€+Pub=2€+pots en Verre=2€+PC=2€,
761,2020-08-16,EPOISSES,OK,False,Linge ancien=35€+Pub=2€+pots en Verre=2€+PC=2€,Linge ancien=35€+Pub=2€+pots en Verre=2€+PC=2€,
762,2014-07-06,ÉRAGNY-SUR-OISE,MANUEL,False,cocote fonte le creuset,cocote fonte le creuset,aucun prix exploitable dans l'entree
763,2014-07-06,ÉRAGNY-SUR-OISE,MANUEL,False,livres chasse,livres chasse,aucun prix exploitable dans l'entree
764,2015-05-31,ÉRAGNY-SUR-OISE,OK,False,jeu de 7 famille ancien=9€+pierre le noir+verres cristal de Paris=12€+couverts laguiole=8€+livres rabat mellah et poésie touareg=2€+livres lenotre=2€+2x2 patrimoine SNCF=4€+livres ecole=2€+pique fleur=1€+dictionnare allemand 1817=2€,jeu de 7 famille ancien=9€+pierre le noir+verres cristal de Paris=12€+couverts laguiole=8€+livres rabat mellah et poésie touareg=2€+livres lenotre=2€+2x2 patrimoine SNCF=4€+livres ecole=2€+pique fleur=1€+dictionnare allemand 1817=2€,1 item(s) sans prix
765,2016-09-11,ÉRAGNY-SUR-OISE,DOUTEUX,True,1 boite a pilulle 0 5,1 boite a pilulle=1€,prix nu '0 5' -> 1€ ; decimale -> 1€ (arrondi sup.) ; nombre isole dans la description : items possiblement fusionnes
766,2016-09-11,ÉRAGNY-SUR-OISE,OK,False,Taies Oreillers & divers=10€+Reveil=1€,Taies Oreillers & divers=10€+Reveil=1€,
769,2022-05-15,ÉRAGNY-SUR-OISE,OK,False,Assiettes=3€+Porteclés=2€,Assiettes=3€+Porteclés=2€,
770,2018-05-27,ÉRAGNY-SUR-OISE,OK,False,Serviettes=5€,Serviettes=5€,
772,2023-06-11,ÉRAGNY-SUR-OISE,OK,False,Ivoire=15€+livre=10€+plat limoges=2€+jesus=2€+couture=3€+boutons=4€+bonnot=3€+palette=5€,Ivoire=15€+livre=10€+plat limoges=2€+jesus=2€+couture=3€+boutons=4€+bonnot=3€+palette=5€,
773,2023-06-11,ÉRAGNY-SUR-OISE,OK,False,3 paquets de protections=3€+2 bracelets ivoire=1€,3 paquets de protections=3€+2 bracelets ivoire=1€,
774,2021-09-26,ÉRAGNY-SUR-OISE,OK,False,Rouleau à pâtisserie pro=3€+1 broche Jeanne=1€+coins de meuble=2€,Rouleau à pâtisserie pro=3€+1 broche Jeanne=1€+coins de meuble=2€,
777,2016-06-05,ÉRAGNY-SUR-OISE,OK,False,Vieux Jeu football=3€,Vieux Jeu football=3€,
780,2015-04-12,ERMONT,OK,False,1plastron damart=2€+(=20€+)-2 cremes channel=15€+( )=50€,1plastron damart=2€+(=20€+)-2 cremes channel=15€+( )=50€,
782,2013-10-06,ERMONT,OK,False,Assiettes=5€+montmarte=2€+livres=3€,Assiettes=5€+montmarte=2€+livres=3€,
785,2021-10-10,ESPAUBOURG,DOUTEUX,True,Lot patrons poupée M&T   2 € + 1 paire de lacets pour moi   0 20€  +mini pot a lait Adams england  1€,Lot patrons poupée M&T=2€+1 paire de lacets pour moi=1€+mini pot a lait Adams england=1€,decimale '0 20€' -> 1€ (arrondi sup.)
786,2018-05-21,ESTREES-SAINT-DENIS,OK,False,Péage=10€+asperges=20€+tableau=1€+jeu=1€+livres=3€,Péage=10€+asperges=20€+tableau=1€+jeu=1€+livres=3€,
790,2013-09-15,EZANVILLE,DOUTEUX,True,manteau et gilet clementine  10,manteau et gilet clementine=10€,prix nu '10' -> 10€
792,2019-07-14,FARCEAUX,DOUTEUX,True,Porte clés 1€+jeu echecs 1€+Henri 4 2€,Porte clés=1€+jeu echecs=1€+Henri=5€,decimale '4 2€' -> 5€ (arrondi sup.)
793,2019-07-14,FARCEAUX,DOUTEUX,True,5 bouteilles=5€+Porte-manteau=2€+soupiere bosch=1€+livres confitures 0 5,5 bouteilles=5€+Porte-manteau=2€+soupiere bosch=1€+livres confitures=1€,prix nu '0 5' -> 1€ ; decimale -> 1€ (arrondi sup.)
794,2018-09-30,FEUCHEROLLES,DOUTEUX,True,tricotin 0 5€+Livre 1€,tricotin=1€+Livre=1€,decimale '0 5€' -> 1€ (arrondi sup.)
796,2017-08-19,FIERVILLE-LES-MINES,OK,False,Gien Moineaux de Paris=20€+Sandwich rognon d agneaux=7€+vaisselle=5€,Gien Moineaux de Paris=20€+Sandwich rognon d agneaux=7€+vaisselle=5€,
797,2022-08-20,FIERVILLE-LES-MINES,OK,False,Assiettes=8€+Livres=2€,Assiettes=8€+Livres=2€,
798,2022-08-20,FIERVILLE-LES-MINES,OK,False,Poupée sfbd=5€+collant & bas Dior=2€,Poupée sfbd=5€+collant & bas Dior=2€,
801,2022-06-19,FLEURY,OK,False,Porte-cles=2€+Caille Lancel paris=1€+2 assiettes anglaises chinoises numerotées=2€,Porte-cles=2€+Caille Lancel paris=1€+2 assiettes anglaises chinoises numerotées=2€,
802,2022-06-19,FLEURY,OK,False,porte clé=1€+Mergue=3€,porte clé=1€+Mergue=3€,
804,2016-10-16,FLIXECOURT,OK,False,Citrouilles Pommes echalottes noix=30€+Villeroy ferme=20€+Sandwiches & gateaux=9€,Citrouilles Pommes echalottes noix=30€+Villeroy ferme=20€+Sandwiches & gateaux=9€,
806,2021-10-17,FONTENAY-AUX-ROSES,OK,False,torchons=13€+plat=3€,torchons=13€+plat=3€,
807,2019-06-15,FONTENAY-SOUS-BOIS,OK,False,Un pot V&B acapulco=2€+1 sac Caroll=2€,Un pot V&B acapulco=2€+1 sac Caroll=2€,
808,2019-06-15,FONTENAY-SOUS-BOIS,OK,False,Bible=10€+Sacoche=1€+Porte clés=5€,Bible=10€+Sacoche=1€+Porte clés=5€,
809,2017-06-10,FONTENAY-SOUS-BOIS,OK,False,3 BD EO Astérix=8€+Fables Florian=5€+3 livres école 1964=5€+Tom Tit=2€+bd politique Karl Zero=2€,3 BD EO Astérix=8€+Fables Florian=5€+3 livres école 1964=5€+Tom Tit=2€+bd politique Karl Zero=2€,
810,2017-06-10,FONTENAY-SOUS-BOIS,OK,False,Ceinture ancienne en jais=5€+chemisier vintage=2€+1 tasse et son assiette VB acapulco=3€+1 paire de BO=2€,Ceinture ancienne en jais=5€+chemisier vintage=2€+1 tasse et son assiette VB acapulco=3€+1 paire de BO=2€,
812,2015-05-31,FOURQUEUX,OK,False,1 cafetiere VB acapulco=3€+2 Livres (canard et uniformes)=2€,1 cafetiere VB acapulco=3€+2 Livres (canard et uniformes)=2€,
813,2016-06-18,FRANCONVILLE,OK,False,Moule a patisserie fond amovible=3€,Moule a patisserie fond amovible=3€,
814,2015-05-17,FRANCONVILLE,OK,False,gravure chasses=10€+assiettes design 1900 Villeroy=6€,gravure chasses=10€+assiettes design 1900 Villeroy=6€,
817,2015-06-27,FRANCONVILLE,DOUTEUX,True,pieces echecs 2€- livre guitare 1€ -livre Farnel  2€ - livre Laurent baffie2€ -jeu de carte0 50€,pieces echecs=2€+livre guitare=1€+livre Farnel=2€+livre Laurent baffie=2€+jeu de carte=1€,decimale '0 50€' -> 1€ (arrondi sup.)
818,2013-10-05,FRANCONVILLE,OK,False,Assiettes contes=12€+de livres (boxe lutte jiu jitsu)=5€+livre capitales,Assiettes contes=12€+de livres (boxe lutte jiu jitsu)=5€+livre capitales,1 item(s) sans prix
827,2022-05-29,FREPILLON,DOUTEUX,True,5€ Ménagere 16 pieces+CP 5€+Protége papier 2€+tire bouchons 2€+porte clés 0 50€+satanik 5€,Ménagere 16 pieces=5€+CP=5€+Protége papier=2€+tire bouchons=2€+porte clés=1€+satanik=5€,decimale '0 50€' -> 1€ (arrondi sup.)
828,2022-05-29,FREPILLON,OK,False,Fleurs=2€+Robe=5€,Fleurs=2€+Robe=5€,
830,2013-04-28,FREPILLON,OK,False,Tableaux=10€+casanova=4€+argenteuil=5€+bécassine=4€+ecole=2€+foot=12€,Tableaux=10€+casanova=4€+argenteuil=5€+bécassine=4€+ecole=2€+foot=12€,
831,2011-04-24,FREPILLON,MANUEL,False,https //docs.google.com/leaf?id=0B97L9kDQHDbuNjkyMWE5MzYtODU2ZS00ODA3LWE0NGUtZTFjODkxMWUwZmRj&hl=fr,https //docs.google.com/leaf?id=0B97L9kDQHDbuNjkyMWE5MzYtODU2ZS00ODA3LWE0NGUtZTFjODkxMWUwZmRj&hl=fr,aucun prix exploitable dans l'entree
833,2015-04-26,FREPILLON,OK,False,petires boites anciennes de jeu=8€,petires boites anciennes de jeu=8€,
835,2022-05-08,FRESNE-LÉGUILLON,OK,False,oeufs=6€+noix=5€+Verres V&B=10€+Bayard=3€+Pots anglais=6€+ciruit24=5€+jeu stratégie=5€+livre auto=3€,oeufs=6€+noix=5€+Verres V&B=10€+Bayard=3€+Pots anglais=6€+ciruit24=5€+jeu stratégie=5€+livre auto=3€,
836,2022-05-08,FRESNE-LÉGUILLON,MANUEL,False,0,0,aucun prix exploitable dans l'entree
837,2023-12-09,GAGNY,DOUTEUX,True,Livre couture signer+ livre Air-France  2 50,Livre couture signer+livre Air-France=3€,prix nu '2 50' -> 3€ ; decimale -> 3€ (arrondi sup.) ; 1 item(s) sans prix
838,2017-12-02,GAGNY,DOUTEUX,True,coucou 9€+assiette 1€+livre ecole 0.5€+pince plat 1€ livre cuisine 2€+pot à lait  villeroy 3€+GAteaux Café 2 50€,coucou=9€+assiette=1€+livre ecole=1€+pince plat=1€+livre cuisine=2€+pot à lait villeroy=3€+GAteaux Café=3€,decimale '0.5€' -> 1€ (arrondi sup.) ; decimale '2 50€' -> 3€ (arrondi sup.)
839,2022-12-03,GAGNY,DOUTEUX,True,valise bosch 7+ sacs KDO 6+sacoche cuir 4+livre  3+porte clé 2+flacons  3+ciseaux+ fouet oeufs 2,valise bosch=7€+sacs KDO=6€+sacoche cuir=4€+livre=3€+porte clé=2€+flacons=3€+ciseaux+fouet oeufs=2€,prix nu '7' -> 7€ ; prix nu '6' -> 6€ ; prix nu '4' -> 4€ ; prix nu '3' -> 3€ ; prix nu '2' -> 2€ ; prix nu '3' -> 3€ ; prix nu '2' -> 2€ ; 1 item(s) sans prix
840,2022-12-03,GAGNY,DOUTEUX,True,2 boites Channel  7,2 boites Channel=7€,prix nu '7' -> 7€ ; nombre isole dans la description : items possiblement fusionnes
841,2016-12-03,GAGNY,OK,False,10 torchons assez anciens=5€,10 torchons assez anciens=5€,
842,2023-12-09,GAGNY,DOUTEUX,True,Livres 3+epluche 2,Livres=3€+epluche=2€,prix nu '3' -> 3€ ; prix nu '2' -> 2€
843,2016-12-03,GAGNY,DOUTEUX,True,collant Chantal thomas 1 50€ - une terrine le creuset  2€,collant Chantal thomas=2€+une terrine le creuset=2€,decimale '1 50€' -> 2€ (arrondi sup.)
844,2017-12-02,GAGNY,OK,False,bijoux swarovski etc et de qualité=10€,bijoux swarovski etc et de qualité=10€,
845,2018-05-06,GAGNY,OK,False,2 lots Pied de piano=3€+porte manteau bois=2€+boite de plumes=3€,2 lots Pied de piano=3€+porte manteau bois=2€+boite de plumes=3€,
846,2018-05-06,GAGNY,OK,False,Eau de cologne=3€,Eau de cologne=3€,
847,2014-05-24,GALLUIS,OK,False,cocotte=6€+thé=10€+verre guillaume=1€+villeroy=1€+presse orange=2€+cp senegal=1€,cocotte=6€+thé=10€+verre guillaume=1€+villeroy=1€+presse orange=2€+cp senegal=1€,
849,2019-06-23,GARANCIERES,OK,False,1 Cadre photo type laiton=1€+lot Uriage soleil=10€,1 Cadre photo type laiton=1€+lot Uriage soleil=10€,
850,2021-09-12,GARGENVILLE,OK,False,coffret tisanes=10€,coffret tisanes=10€,
854,2016-04-09,GARGES-LES-GONESSE,OK,False,tableau=3€+revues cycliseme années 1950=5€,tableau=3€+revues cycliseme années 1950=5€,
857,2016-10-01,GARGES-LES-GONESSE,OK,False,Jeux de roles=8€+Missel=2€+Plat Villeroy=3€+8 Rince bouche=12€+2 brosses à dent=2€+Bilboquet=1€,Jeux de roles=8€+Missel=2€+Plat Villeroy=3€+8 Rince bouche=12€+2 brosses à dent=2€+Bilboquet=1€,
862,2016-04-09,GARGES-LES-GONESSE,OK,False,Gaufrier=8€+qui ne fonctionne pas pour 2 plats le creuset=1€,Gaufrier=8€+qui ne fonctionne pas pour 2 plats le creuset=1€,
864,2018-07-15,GASNY,OK,False,5 livres musiques=25€+lot porte cle=10€+5 pots verrines=1€+3 livres sarah kay=2€+livre ancien voitures et 2 revues Plaisir de France=4€+Framboises=4€+Accessoires thermomix=2€,5 livres musiques=25€+lot porte cle=10€+5 pots verrines=1€+3 livres sarah kay=2€+livre ancien voitures et 2 revues Plaisir de France=4€+Framboises=4€+Accessoires thermomix=2€,
866,2017-07-16,GASNY,OK,False,Haricots Verts=8€+Oeufs=12€+Salades=6€+Metronome=8€+Chapeau=2€+haricots beurre=5€+Le creuset=2€+Le Creuset=3€,Haricots Verts=8€+Oeufs=12€+Salades=6€+Metronome=8€+Chapeau=2€+haricots beurre=5€+Le creuset=2€+Le Creuset=3€,
867,2019-07-21,GASNY,OK,False,Pc=25€+tomates et Oeufs=10€+mini karcher=3€+La coupe=2€+Photos=3€+divers=5€,Pc=25€+tomates et Oeufs=10€+mini karcher=3€+La coupe=2€+Photos=3€+divers=5€,
868,2018-07-15,GASNY,OK,False,Tomates+Haricots+Oignons+ail=15€+pains=4€+illustrations=2€+TSF musique=4€+livres=4€+Cadres Verre=3€+Échecs=3€+porte clés=2€+Verrines=1€,Tomates+Haricots+Oignons+ail=15€+pains=4€+illustrations=2€+TSF musique=4€+livres=4€+Cadres Verre=3€+Échecs=3€+porte clés=2€+Verrines=1€,3 item(s) sans prix
869,2013-07-14,GASNY,MANUEL,False,cerises  sac lancel  robe julie guerande  ens jeans st james  couteaux laguiole   livre sur le sucre  torchons,cerises  sac lancel  robe julie guerande  ens jeans st james  couteaux laguiole   livre sur le sucre  torchons,aucun prix exploitable dans l'entree
870,2015-07-19,GASNY,OK,False,verres courbes=5€+patisserie=7€+methode guitare=1€+plat=3€+nrf dostoievsky=3€+loupe=1€+echecs=3€,verres courbes=5€+patisserie=7€+methode guitare=1€+plat=3€+nrf dostoievsky=3€+loupe=1€+echecs=3€,
871,2016-07-17,GASNY,OK,False,Pentomino=3€+Sac outil=2€,Pentomino=3€+Sac outil=2€,
873,2023-07-16,GASNY,OK,False,V&B Disney=12€+repas=20€+egouttoir=3€+Livres=6€+divers V&B=4€+pot rn Verre=1€,V&B Disney=12€+repas=20€+egouttoir=3€+Livres=6€+divers V&B=4€+pot rn Verre=1€,
874,2023-07-16,GASNY,DOUTEUX,True,2 torchons=2€+Boite couture=1€+livres=5€+plat le creuset 5,2 torchons=2€+Boite couture=1€+livres=5€+plat le creuset=5€,prix nu '5' -> 5€
875,2015-07-19,GASNY,OK,False,verre cristal d arques=4€+boucle d oreille=2€,verre cristal d arques=4€+boucle d oreille=2€,
876,2019-07-21,GASNY,OK,False,rhubarbe=5€+3 figurines betty bop . suis partie vitre rejoindre Paul a Mondreville=3€,rhubarbe=5€+3 figurines betty bop . suis partie vitre rejoindre Paul a Mondreville=3€,
878,2022-07-17,GASNY,OK,False,Assiettes=3€+PC=1€,Assiettes=3€+PC=1€,
879,2013-07-14,GASNY,OK,False,miniechecs=3€,miniechecs=3€,
880,2016-07-17,GASNY,OK,False,Confitures et Framboises=15€+Cerises=4€+1 pot pomme=1€+1douille a patisserie=2€,Confitures et Framboises=15€+Cerises=4€+1 pot pomme=1€+1douille a patisserie=2€,
881,2017-07-16,GASNY,OK,False,lot torchons=4€+2 figurines star wars=5€+lot flacons Roger&gallet=3€+gants crochet=3€+2 livres (dont benjamin rabier)=2€+72 cadres magnétique=6€+pied de lampe chêne=6€,lot torchons=4€+2 figurines star wars=5€+lot flacons Roger&gallet=3€+gants crochet=3€+2 livres (dont benjamin rabier)=2€+72 cadres magnétique=6€+pied de lampe chêne=6€,
882,2014-08-14,GAVRAY,MANUEL,False,abb,abb,aucun prix exploitable dans l'entree
883,2018-07-22,GEFFOSSES,OK,False,4 draps en lin=60€+chemise en lin=5€+tapis de bain=1€+oeufs=4€+tupperware=2€+verres=2€+livres=1€,4 draps en lin=60€+chemise en lin=5€+tapis de bain=1€+oeufs=4€+tupperware=2€+verres=2€+livres=1€,
884,2018-07-22,GEFFOSSES,OK,False,Torchons & Serviettes=10€+livres=25€+Repas=15€+Livre chanson ancien=10€,Torchons & Serviettes=10€+livres=25€+Repas=15€+Livre chanson ancien=10€,
886,2016-06-19,GENICOURT,MANUEL,False,rien trouvé,rien trouvé,aucun prix exploitable dans l'entree
889,2009-06-21,GENICOURT,MANUEL,False,peu d exposants (-de 100),peu d exposants (-de 100),aucun prix exploitable dans l'entree
890,2011-09-24,GENNEVILLIERS,MANUEL,False,trop de monde car  brocante dense.rien,trop de monde car  brocante dense.rien,aucun prix exploitable dans l'entree
892,2013-05-18,GENNEVILLIERS,OK,False,agricole=5€+livre fascisme=3€+boite miusique=2€+thermomix=3€+rallye=2€+oeufs coque=2€+porte couteaux=2€+aiguilles dans boite ancienne=5€,agricole=5€+livre fascisme=3€+boite miusique=2€+thermomix=3€+rallye=2€+oeufs coque=2€+porte couteaux=2€+aiguilles dans boite ancienne=5€,
893,2019-06-29,GERMAINVILLE,OK,False,1 Livre Au pays des beffrois et des moulins a vent=5€,1 Livre Au pays des beffrois et des moulins a vent=5€,
894,2019-06-29,GERMAINVILLE,OK,False,livres=3€+divers=3€+valise biscuit=1€,livres=3€+divers=3€+valise biscuit=1€,
897,2018-06-24,GISORS,OK,False,Livres=3€+Porte Clés=2€,Livres=3€+Porte Clés=2€,
898,2015-06-28,GISORS,OK,False,Livre ballon=5€+tableaiux artisanaux=10€+celine=10€+gien=5€+livres animaux=2€+le creuset=5€+buteilles=2€+montres=5€+guitare=5€+animaux=2€+anciennes decos=2€+casserolles le creuset=2€+presse atate=2€+cuillerer Pesée=3€+cafe sandwich=5€,Livre ballon=5€+tableaiux artisanaux=10€+celine=10€+gien=5€+livres animaux=2€+le creuset=5€+buteilles=2€+montres=5€+guitare=5€+animaux=2€+anciennes decos=2€+casserolles le creuset=2€+presse atate=2€+cuillerer Pesée=3€+cafe sandwich=5€,
899,2011-06-26,GISORS,MANUEL,False,https //docs.google.com/leaf?id=0B97L9kDQHDbuYjY2M2M0YmEtMGJmNC00ZDUyLTk5Y2EtMDJmMDhjM2MwNWEz&hl=fr,https //docs.google.com/leaf?id=0B97L9kDQHDbuYjY2M2M0YmEtMGJmNC00ZDUyLTk5Y2EtMDJmMDhjM2MwNWEz&hl=fr,aucun prix exploitable dans l'entree
900,2023-06-25,GISORS,OK,False,Service Limoges Café=20€+sac=3€+peinture tole=7€+Secours=2€,Service Limoges Café=20€+sac=3€+peinture tole=7€+Secours=2€,
901,2017-06-25,GISORS,OK,False,Dinette Milka=5€+Dames galantes et Oiseaux almanach et bob et bobette=7€,Dinette Milka=5€+Dames galantes et Oiseaux almanach et bob et bobette=7€,
902,2015-06-28,GISORS,OK,False,bijou=10€+livre 0 50 -veste=3€+creme=2€+4 livres thermomix=4€,bijou=10€+livre 0 50 -veste=3€+creme=2€+4 livres thermomix=4€,
903,2013-06-30,GISORS,OK,False,Livres=12€+pelicules photos=5€+ecole=5€,Livres=12€+pelicules photos=5€+ecole=5€,
904,2022-06-26,GISORS,OK,False,Patisserie=14€+LIvres=2€,Patisserie=14€+LIvres=2€,
906,2017-06-25,GISORS,OK,False,2 pantalons d été et 2 tee shirts=8€+1 cadre paris les puces=2€+1 livre cuisine=1€,2 pantalons d été et 2 tee shirts=8€+1 cadre paris les puces=2€+1 livre cuisine=1€,
907,2018-06-24,GISORS,MANUEL,False,peu de stands et qualité décevante,peu de stands et qualité décevante,aucun prix exploitable dans l'entree
908,2014-06-29,GISORS,OK,False,dubout=5€+livres ecoles francine=25€,dubout=5€+livres ecoles francine=25€,
910,2019-06-30,GONESSE,DOUTEUX,True,3 revues tv Radio luxembourg annees 60  0 60€,3 revues tv Radio luxembourg annees 60=1€,decimale '0 60€' -> 1€ (arrondi sup.)
913,2016-03-06,GOUSSAINVILLE,OK,False,STYLO=1€+TAIE=3€+ECHARPE=2€+PILE=5€+2 TORCHES=10€,STYLO=1€+TAIE=3€+ECHARPE=2€+PILE=5€+2 TORCHES=10€,
916,2014-09-07,GOUVIEUX,OK,False,couteau=50€+cendrieir 1950=6€+casseroles=7€+livres=4€+livres=2€+tirelires=3€+cuilleres escargot=2€+livres ecole=2€,couteau=50€+cendrieir 1950=6€+casseroles=7€+livres=4€+livres=2€+tirelires=3€+cuilleres escargot=2€+livres ecole=2€,
917,2013-09-01,GOUVIEUX,OK,False,couteaux=5€+draps=12€+livrepaul+menu=6€+couteau=2€,couteaux=5€+draps=12€+livrepaul+menu=6€+couteau=2€,1 item(s) sans prix
918,2013-09-01,GOUVIEUX,OK,False,achete 5 paires de chaussures (+cirage) pour=38€,achete 5 paires de chaussures (+cirage) pour=38€,1 item(s) sans prix
920,2015-09-06,GOUVIEUX,OK,False,caisse en bois=5€+affiches=6€+cartes anciennes=2€+syllabaires=4€,caisse en bois=5€+affiches=6€+cartes anciennes=2€+syllabaires=4€,
921,2015-09-06,GOUVIEUX,DOUTEUX,True,2 tasses villeroy  0 4€ - bijou 5 € fruits confits   10€- jeu phildar vintage 1€- boite a bas anciennes 1€ - 2 porte manteau channel   2 €,2 tasses villeroy=1€+bijou=5€+fruits confits=10€+jeu phildar vintage=1€+boite a bas anciennes=1€+2 porte manteau channel=2€,decimale '0 4€' -> 1€ (arrondi sup.)
923,2014-09-07,GOUVIEUX,OK,False,Boite a couture=3€+jeu 7 familles=3€+Plat le creuset=1€+qq bijou=3€+Kdo noel livre secret=1€+livre filles=2€+bracelet=3€,Boite a couture=3€+jeu 7 familles=3€+Plat le creuset=1€+qq bijou=3€+Kdo noel livre secret=1€+livre filles=2€+bracelet=3€,
927,2022-08-13,GOUVILLE-SUR-MER,OK,False,Tarot=1€+Tricot=2€,Tarot=1€+Tricot=2€,
928,2022-08-13,GOUVILLE-SUR-MER,OK,False,3 foulards=2€,3 foulards=2€,
932,2019-05-01,GRADIGNAN,DOUTEUX,True,Foulard soie   lot bouton en jais   collier ambre   10€ Outil ancien   0 50€ - souris + Clavier apple 2 €+porte clé 2€,Foulard soie lot bouton en jais collier ambre=10€+Outil ancien=1€+souris+Clavier apple=2€+porte clé=2€,decimale '0 50€' -> 1€ (arrondi sup.) ; 1 item(s) sans prix
933,2019-05-01,GRADIGNAN,OK,False,assiettes lethu=5€+Livre=2€+sandwitch=3€+jeux=3€,assiettes lethu=5€+Livre=2€+sandwitch=3€+jeux=3€,
934,2016-10-23,GRAINVILLE,OK,False,Tomates jardin & potimarrons&Poireaux=38€+Couteaux thiers=6€+SLC=3€+Vinaigre=9€,Tomates jardin & potimarrons&Poireaux=38€+Couteaux thiers=6€+SLC=3€+Vinaigre=9€,
935,2016-10-23,GRAINVILLE,DOUTEUX,True,Persil  1 50€ -tomates- betterave navet   5€ aubergine  2€ crème YR 2€ petites tomates  3 €- boite pour pizza 4€ - le creuset 5 €,Persil=2€+tomates- betterave navet=5€+aubergine=2€+crème YR=2€+petites tomates=3€+boite pour pizza=4€+le creuset=5€,decimale '1 50€' -> 2€ (arrondi sup.)
938,2021-05-30,GRISY-LES-PLATRES,OK,False,2 saladiers Duralex=2€+sachets zip=2€,2 saladiers Duralex=2€+sachets zip=2€,
942,2017-07-14,GUERARD,OK,False,Oeufs=10€+Légumes=10€+Terrine Le Creuset=2€+Livre=1€+Blouson=5€+Chapeau=8€+Chapeau=3€,Oeufs=10€+Légumes=10€+Terrine Le Creuset=2€+Livre=1€+Blouson=5€+Chapeau=8€+Chapeau=3€,
943,2017-07-14,GUERARD,OK,False,Veste cuir=12€+polo=2€+boutons=4€+2 colliers=3€+1 rideau et 1 nappe en coton=2€,Veste cuir=12€+polo=2€+boutons=4€+2 colliers=3€+1 rideau et 1 nappe en coton=2€,
944,2019-05-05,GUJAN-MESTRAS,OK,False,photos Afrique=20€+Porte clés=30€+livres bateaux=6€+radio=5€+escargots=5€+linge=4€+livres=6€+Divers=10€,photos Afrique=20€+Porte clés=30€+livres bateaux=6€+radio=5€+escargots=5€+linge=4€+livres=6€+Divers=10€,
946,2018-06-10,GY-LES-NONAINS,OK,False,porte clés=3€,porte clés=3€,
948,2014-05-08,HARAVILLIERS,OK,False,d images anciennes=3€,d images anciennes=3€,
949,2013-05-08,HARAVILLIERS,OK,False,livres uniformes=40€+chasse+livres et belle boite ancienne=10€,livres uniformes=40€+chasse+livres et belle boite ancienne=10€,1 item(s) sans prix
950,2022-05-08,HARAVILLIERS,OK,False,poupée=10€,poupée=10€,
954,2015-05-08,HARAVILLIERS,OK,False,1 livre ecole=3€,1 livre ecole=3€,
955,2014-05-08,HARAVILLIERS,OK,False,armes c etaient des photocopies)=20€,armes c etaient des photocopies)=20€,
961,2022-08-07,HAUTEVILLE-SUR-MER,OK,False,pub Boulangerie=12€+8 anciennes chemises de nuit=15€+livres=10€+Livres anciens et messe=12€+tomates rhubarbe=10€,pub Boulangerie=12€+8 anciennes chemises de nuit=15€+livres=10€+Livres anciens et messe=12€+tomates rhubarbe=10€,
962,2022-08-07,HAUTEVILLE-SUR-MER,DOUTEUX,True,1 Lot de torchons coupes dans drap pour le sejour VVF   1 € +2 cahiers   0 5€ +1 short adidas PH  1 € + 2 medaillons anciens   1€   fil + epingles   1€,1 Lot de torchons coupes dans drap pour le sejour VVF=1€+2 cahiers=1€+1 short adidas PH=1€+2 medaillons anciens fil=1€+epingles=1€,decimale '0 5€' -> 1€ (arrondi sup.)
964,2023-09-02,HEM,DOUTEUX,True,Lot assiettes + theiere et Pot V&B ancien  7 + Livre images voitures  1  +Lot 8 assietttes chateau Loire  5 +lot images  1 +poele le Creuset  2 + Poupee sockinette  3+ Bo  0 5 + patrons poupee  3,Lot assiettes+theiere et Pot V&B ancien=7€+Livre images voitures=1€+Lot 8 assietttes chateau Loire=5€+lot images=1€+poele le Creuset=2€+Poupee sockinette=3€+Bo=1€+patrons poupee=3€,prix nu '7' -> 7€ ; prix nu '1' -> 1€ ; prix nu '5' -> 5€ ; nombre isole dans la description : items possiblement fusionnes ; prix nu '1' -> 1€ ; prix nu '2' -> 2€ ; prix nu '3' -> 3€ ; prix nu '0 5' -> 1€ ; decimale -> 1€ (arrondi sup.) ; prix nu '3' -> 3€ ; 1 item(s) sans prix
965,2022-05-15,HENONVILLE,OK,False,Nappes=10€+Assiettes=5€,Nappes=10€+Assiettes=5€,
966,2022-04-03,HERBEVILLE,MANUEL,False,Rien acheté,Rien acheté,aucun prix exploitable dans l'entree
967,2019-04-07,HERBEVILLE,OK,False,Assiettes V&B=2€+2 boites coutures=2€,Assiettes V&B=2€+2 boites coutures=2€,
972,2014-10-05,HERBLAY,OK,False,Chaises=20€+partitions guitare hawaienne=10€+guitare=5€+livres anciens=4€+couvertd guy degrenne=5€,Chaises=20€+partitions guitare hawaienne=10€+guitare=5€+livres anciens=4€+couvertd guy degrenne=5€,
974,2013-05-08,HERBLAY,OK,False,le Buffon de rabier ( )=70€+livres ormeraie=10€+echecs=5€+journal ecoliers=1€,le Buffon de rabier ( )=70€+livres ormeraie=10€+echecs=5€+journal ecoliers=1€,
975,2016-10-02,HERBLAY,OK,False,livre tapissier=1€,livre tapissier=1€,
976,2015-05-14,HERBLAY,OK,False,1 tasse VB avec canard et merle=1€,1 tasse VB avec canard et merle=1€,
977,2011-06-02,HERBLAY,MANUEL,False,centre ville  objet de type récent,centre ville  objet de type récent,aucun prix exploitable dans l'entree
978,2015-03-15,HERBLAY,MANUEL,False,7 Pantalon st james + 3 livres (titeuf - stones et vandermeesch numérote,7 Pantalon st james + 3 livres (titeuf - stones et vandermeesch numérote,aucun prix exploitable dans l'entree
979,2014-10-05,HERBLAY,OK,False,Tete de coiffeur (=5€+) clairon=2€+3 livres d ecole=7€+boite a bijoux=20€,Tete de coiffeur (=5€+) clairon=2€+3 livres d ecole=7€+boite a bijoux=20€,
981,2017-05-25,HERBLAY,DOUTEUX,True,1 robe  2€ - 1 cadre  1€ - 1 scanner Photo  3€ - lot bijoux 4 50€ - 1 foulard 0 50€,1 robe=2€+1 cadre=1€+1 scanner Photo=3€+lot bijoux=5€+1 foulard=1€,decimale '4 50€' -> 5€ (arrondi sup.) ; decimale '0 50€' -> 1€ (arrondi sup.)
988,2017-05-25,HERBLAY,OK,False,Tableau Eglise Taverny=25€+Bijoux=5€+Échecs chinois=5€+Livres=2€+Flan=2€,Tableau Eglise Taverny=25€+Bijoux=5€+Échecs chinois=5€+Livres=2€+Flan=2€,
989,2021-10-24,HERBLAY,OK,False,BD=4€+tableau=10€+assiette=1€,BD=4€+tableau=10€+assiette=1€,
992,2015-10-04,HERBLAY,OK,False,Partitions=2€,Partitions=2€,
994,2021-10-24,HERBLAY,OK,False,& robe=1€,& robe=1€,
1002,2011-10-01,IGNY,MANUEL,False,les AR sont fatigants .Agréable. pas de grande trouvaille. des livres neufs sélection pour Noël,les AR sont fatigants .Agréable. pas de grande trouvaille. des livres neufs sélection pour Noël,aucun prix exploitable dans l'entree
1003,2022-08-06,ISIGNY-SUR-MER,OK,False,Patates=15€+Oignons=10€+Tomates=6€+cyclisme=15€+Affiches Scolaires=5€+Auto 1933=5€+Haricots Verts=6€+Assiette Faustine=1€,Patates=15€+Oignons=10€+Tomates=6€+cyclisme=15€+Affiches Scolaires=5€+Auto 1933=5€+Haricots Verts=6€+Assiette Faustine=1€,
1004,2022-08-06,ISIGNY-SUR-MER,DOUTEUX,True,2 ronds de serviette (ivoire ?)  1€  1 livre code de la route  1€ +poupee Barbie articulée   2€ +echalottes  2 5€,2 ronds de serviette (ivoire ?)=1€+1 livre code de la route=1€+poupee Barbie articulée=2€+echalottes=3€,decimale '2 5€' -> 3€ (arrondi sup.)
1005,2022-09-18,ISSOU,OK,False,2 tasses anglaises=2€,2 tasses anglaises=2€,
1007,2022-05-22,IVRY-LE-TEMPLE,OK,False,livres=2€,livres=2€,
1008,2022-09-04,JAMBVILLE,OK,False,Assiettes et tasses et sous tasses Johnsons brothers Roses Chintz=6€+un ensemble Poupée martine & vetement=3€,Assiettes et tasses et sous tasses Johnsons brothers Roses Chintz=6€+un ensemble Poupée martine & vetement=3€,
1009,2022-09-25,JOUY-LE-MOUTIER,DOUTEUX,True,Livre Sucre 1954 0 50€,Livre Sucre 1954=1€,decimale '0 50€' -> 1€ (arrondi sup.)
1013,2019-05-25,JOUY-LE-MOUTIER,OK,False,boites=5€+Livre Moto=5€+echecs=3€+Porte clés=5€+LeCreuset=2€,boites=5€+Livre Moto=5€+echecs=3€+Porte clés=5€+LeCreuset=2€,
1017,2017-05-28,JUZIERS,DOUTEUX,True,Grandes affiches 5€+Tableau 5€+Cadres 5€+livre 0.5€+communiant 1€+assiette villeroy 0.5€,Grandes affiches=5€+Tableau=5€+Cadres=5€+livre=1€+communiant=1€+assiette villeroy=1€,decimale '0.5€' -> 1€ (arrondi sup.) ; decimale '0.5€' -> 1€ (arrondi sup.)
1018,2017-05-28,JUZIERS,OK,False,1 bijou=2€+2 petits cache pots en porcelaine=1€+pieds de piano=3€,1 bijou=2€+2 petits cache pots en porcelaine=1€+pieds de piano=3€,
1022,2011-04-25,L'ISLE-ADAM,MANUEL,False,plutôt foire a tout. Grande . Peu de choses. saturée.,plutôt foire a tout. Grande . Peu de choses. saturée.,aucun prix exploitable dans l'entree
1026,2023-08-27,LA CHAPELLE-REANVILLE,OK,False,Acapulco=85€+revues charme=6€+Pif=3€+Tomates=10€,Acapulco=85€+revues charme=6€+Pif=3€+Tomates=10€,
1027,2023-08-27,LA CHAPELLE-REANVILLE,DOUTEUX,True,Acapulco=65€+sceau cire avec pierre 1+lot dentelle 3+voiture citroen noire 0 5+papier photo 1 =Patron poupee 0 50+livre cuisine Francine 1+poupée Raynal 10+boutons ancien 1,Acapulco=65€+sceau cire avec pierre=1€+lot dentelle=3€+voiture citroen noire=1€+papier photo 1 =Patron poupee=1€+livre cuisine Francine=1€+poupée Raynal=10€+boutons ancien=1€,prix nu '1' -> 1€ ; prix nu '3' -> 3€ ; prix nu '0 5' -> 1€ ; decimale -> 1€ (arrondi sup.) ; prix nu '0 50' -> 1€ ; decimale -> 1€ (arrondi sup.) ; prix nu '1' -> 1€ ; prix nu '10' -> 10€ ; prix nu '1' -> 1€
1034,2013-09-22,LA FRETTE-SUR-SEINE,OK,False,jeu faustine noel 10eur objets vintage 3eur livre Napoleon=15€+livre sade=5€+boite moule gateau ancien torchon 4 eur=3€,jeu faustine noel 10eur objets vintage 3eur livre Napoleon=15€+livre sade=5€+boite moule gateau ancien torchon 4 eur=3€,
1035,2017-09-24,LA FRETTE-SUR-SEINE,OK,False,1 lot assiette humoristique=5€+Bijoux=15€+1 sac lancel a nettoyer=7€+2 livres (1 sur bijoux et 1 sur broderie )=5€+2 boutes jaunes suchard (1970)=1€+3 assiettes vb+saladiers spack=4€+1 malettte couteaux=8€+1 lot assiette fleur=2€,1 lot assiette humoristique=5€+Bijoux=15€+1 sac lancel a nettoyer=7€+2 livres (1 sur bijoux et 1 sur broderie )=5€+2 boutes jaunes suchard (1970)=1€+3 assiettes vb+saladiers spack=4€+1 malettte couteaux=8€+1 lot assiette fleur=2€,1 item(s) sans prix
1036,2022-09-11,LA FRETTE-SUR-SEINE,DOUTEUX,True,3 BD anciennes  3€ + 1 Livre dubout Chansons paillardes et 3evues luxembourgs  2€+Couteaux anglais  3 5€ +tissus  3 € + Coupon torchons  10€ + Poupee Bella 60 cm  3 €   Lot Barbie  5 €Panier salade  1€  Bijou  4€   Boutons anciens  2€  Cafe  2€,3 BD anciennes=3€+1 Livre dubout Chansons paillardes et 3evues luxembourgs=2€+Couteaux anglais=4€+tissus=3€+Coupon torchons=10€+Poupee Bella 60 cm=3€+Lot Barbie=5€+Panier salade=1€+Bijou=4€+Boutons anciens=2€+Cafe=2€,decimale '3 5€' -> 4€ (arrondi sup.)
1037,2021-09-12,LA FRETTE-SUR-SEINE,OK,False,1 torchon & 1tee shirt moto bol dor=2€+boites anciennes=3€+serviette nid dabeilles=5€+Livre couture=2€+sac renault=1€+chapeau ancien=5€+Pot a lait=3€+livre Poil de Carotte (imprimerie nationale )=4€,1 torchon & 1tee shirt moto bol dor=2€+boites anciennes=3€+serviette nid dabeilles=5€+Livre couture=2€+sac renault=1€+chapeau ancien=5€+Pot a lait=3€+livre Poil de Carotte (imprimerie nationale )=4€,
1038,2023-09-17,LA FRETTE-SUR-SEINE,DOUTEUX,True,2 serviettes Villeroy neuves  3 +accessoire coutures  2 + Plateau tour de France  3  +Tirelire Beatrix Potter   2   boite ancienne  2,2 serviettes Villeroy neuves=3€+accessoire coutures=2€+Plateau tour de France=3€+Tirelire Beatrix Potter 2 boite ancienne=2€,prix nu '3' -> 3€ ; nombre isole dans la description : items possiblement fusionnes ; prix nu '2' -> 2€ ; prix nu '3' -> 3€ ; prix nu '2' -> 2€ ; nombre isole dans la description : items possiblement fusionnes
1039,2020-09-13,LA FRETTE-SUR-SEINE,OK,False,3 Foulards soie=8€+i miroir ancien=2€+1 livre compagnon charcuterie=3€+Coupons Tissus couture=5€+Livre Andy Warhol=2€+boite couture=2€,3 Foulards soie=8€+i miroir ancien=2€+1 livre compagnon charcuterie=3€+Coupons Tissus couture=5€+Livre Andy Warhol=2€+boite couture=2€,
1042,2017-09-24,LA FRETTE-SUR-SEINE,OK,False,3 malettes=10€+livres Rouen=5€+Vaisselle=16€+Repas=30€+tartes=2€,3 malettes=10€+livres Rouen=5€+Vaisselle=16€+Repas=30€+tartes=2€,
1043,2014-09-21,LA FRETTE-SUR-SEINE,OK,False,1 poelon le creuset=1€+3 bijoux agata=5€+1livre rustica legumes sur balcon=1€+(noel) 1 livre clementine (noel )=1€+2 pull Paul-H neufs=4€+1 manteau=10€+2 armoirs jouets+dinettes=5€,1 poelon le creuset=1€+3 bijoux agata=5€+1livre rustica legumes sur balcon=1€+(noel) 1 livre clementine (noel )=1€+2 pull Paul-H neufs=4€+1 manteau=10€+2 armoirs jouets+dinettes=5€,1 item(s) sans prix
1048,2022-08-21,LA HAYE-DU-PUITS,OK,False,Citadelles=30€+Figues=15€+couture=10€+Livres Voitures=15€+plat=2€+Livre école=1€,Citadelles=30€+Figues=15€+couture=10€+Livres Voitures=15€+plat=2€+Livre école=1€,
1049,2022-08-21,LA HAYE-DU-PUITS,OK,False,Boutons manchettes ambre=1€,Boutons manchettes ambre=1€,
1050,2014-08-17,LA HAYE-DU-PUITS,OK,False,livres=20€+livre moto=4€+livre agriculture=3€+divers4=5€,livres=20€+livre moto=4€+livre agriculture=3€+divers4=5€,
1054,2020-09-13,LA QUEUE-LES-YVELINES,OK,False,Livreancien les papillons=5€+Chat V&Boch=2€+tissus=5€,Livreancien les papillons=5€+Chat V&Boch=2€+tissus=5€,
1059,2021-10-16,LABOISSIERE-EN-THELLE,DOUTEUX,True,pORTE-VUE A3 2€ +armoire jouet ancien  0 50 € + Jeu dÉchec Made in France  2 € + couvert salade   2€ +assiette VB  1€ + coupons patchwork  1€ +Livre 1944  0 50,pORTE-VUE A=4€+armoire jouet ancien=1€+Jeu dÉchec Made in France=2€+couvert salade=2€+assiette VB=1€+coupons patchwork=1€+Livre 1944=1€,decimale '3 2€' -> 4€ (arrondi sup.) ; decimale '0 50 €' -> 1€ (arrondi sup.) ; prix nu '0 50' -> 1€ ; decimale -> 1€ (arrondi sup.)
1060,2015-11-08,LACHAPELLE-AUX-POTS,OK,False,café villeroy=4€,café villeroy=4€,
1061,2021-08-29,LAIGNEVILLE,OK,False,Pendule cassée=5€+Porte clés=5€+bricoles anciennes=5€,Pendule cassée=5€+Porte clés=5€+bricoles anciennes=5€,
1062,2021-08-29,LAIGNEVILLE,OK,False,3 poupées anciennes=30€+lot divers=5€,3 poupées anciennes=30€+lot divers=5€,
1063,2017-09-17,LAMORLAYE,DOUTEUX,True,1 terrine le creuset bleue  3 € - 2 torchons  1 50 € - 5 tailles  4€ - quelques bijoux 4 € - talc  0 5€ - 1 pull  3 € - 1 cyber toutou lansay  1 € -2 cafés  2 5,1 terrine le creuset bleue=3€+2 torchons=2€+5 tailles=4€+quelques bijoux=4€+talc=1€+1 pull=3€+1 cyber toutou lansay=1€+2 cafés=3€,decimale '1 50 €' -> 2€ (arrondi sup.) ; decimale '0 5€' -> 1€ (arrondi sup.) ; prix nu '2 5' -> 3€ ; decimale -> 3€ (arrondi sup.) ; nombre isole dans la description : items possiblement fusionnes
1067,2023-06-10,LE BLANC-MESNIL,OK,False,Plaque emaillée Belge=5€+tintin=1€+Bonboniere V&B=1€+plat apéritif/dromage=3€+boutons=1€,Plaque emaillée Belge=5€+tintin=1€+Bonboniere V&B=1€+plat apéritif/dromage=3€+boutons=1€,
1068,2023-10-14,LE BLANC-MESNIL,OK,False,leo Ferré=1€+CP=3€,leo Ferré=1€+CP=3€,
1069,2022-10-08,LE BLANC-MESNIL,OK,False,Porte clé=5€+Robida=3€,Porte clé=5€+Robida=3€,
1070,2018-10-06,LE BLANC-MESNIL,DOUTEUX,True,Théière 3€+Vase et Statuettes 2€+Bouteille verre 0.5€+fèves 2€+flan 2€+porte clés 5€+jeu la poste 3€,Théière=3€+Vase et Statuettes=2€+Bouteille verre=1€+fèves=2€+flan=2€+porte clés=5€+jeu la poste=3€,decimale '0.5€' -> 1€ (arrondi sup.)
1071,2019-06-08,LE BLANC-MESNIL,OK,False,Livres=15€+Sandwich=5€+Le creuset=5€+2xYaourtiere=8€+Cartable Texier=5€+Malette=2€+Vaisselle=5€+Porte clés=5€+Four Poupée=3€,Livres=15€+Sandwich=5€+Le creuset=5€+2xYaourtiere=8€+Cartable Texier=5€+Malette=2€+Vaisselle=5€+Porte clés=5€+Four Poupée=3€,
1072,2017-06-03,LE BLANC-MESNIL,OK,False,Bijoux=10€+Casques=3€+Cotons=10€+Livres sur érotisme=10€+Cadres ( non gardés)=2€+vaisselle Bosch=5€+Flan=2€+Livre BD Proust=2€,Bijoux=10€+Casques=3€+Cotons=10€+Livres sur érotisme=10€+Cadres ( non gardés)=2€+vaisselle Bosch=5€+Flan=2€+Livre BD Proust=2€,
1073,2015-10-10,LE BLANC-MESNIL,OK,False,bonnot verlaines=12€+assiettes Villeroy=5€+plat four Villeroy,bonnot verlaines=12€+assiettes Villeroy=5€+plat four Villeroy,1 item(s) sans prix
1074,2021-10-09,LE BLANC-MESNIL,OK,False,saladier=5€+Bd=12€+livre école=1€+Service café Villeroy fontainebleau=5€+Grand verre=1€+flan=2€+pc=2€,saladier=5€+Bd=12€+livre école=1€+Service café Villeroy fontainebleau=5€+Grand verre=1€+flan=2€+pc=2€,
1075,2014-10-11,LE BLANC-MESNIL,OK,False,Jeu echecs rare=12€+livres (petit chose=4€+patisserir professionelle),Jeu echecs rare=12€+livres (petit chose=4€+patisserir professionelle),1 item(s) sans prix
1076,2022-10-08,LE BLANC-MESNIL,OK,False,Tena=10€+Eau de cologne=2€+2 petites poupees et petit mobilier=3€,Tena=10€+Eau de cologne=2€+2 petites poupees et petit mobilier=3€,
1077,2023-10-14,LE BLANC-MESNIL,DOUTEUX,True,6 Ronds serviettes metal emailles  1 +1 pelote laine  0 5  Boutons chaix SNCF +plaques boutons + lacets anciens dmc  10  + Poupee Bella 35 cm  3 +Porte cle et 2 buvards   0 30 ct,6 Ronds serviettes metal emailles=1€+1 pelote laine 0 5 Boutons chaix SNCF+plaques boutons+lacets anciens dmc=10€+Poupee Bella 35 cm=3€+Porte cle et 2 buvards 0 30 ct,prix nu '1' -> 1€ ; nombre isole dans la description : items possiblement fusionnes ; prix nu '10' -> 10€ ; prix nu '3' -> 3€ ; nombre isole dans la description : items possiblement fusionnes ; 3 item(s) sans prix
1078,2015-06-13,LE BLANC-MESNIL,OK,False,livre qu on a jeté car abimé=1€+bijou=5€+jeu de couture poupee=12€,livre qu on a jeté car abimé=1€+bijou=5€+jeu de couture poupee=12€,
1079,2016-10-08,LE BLANC-MESNIL,DOUTEUX,True,Train Lima & Jouef 10€ -+vestes Burburry 20€ Pot Henkel 3€ -collier0 50€ - assiettes dessin mose 4€ - tirelire ptt 0 5€ livre  dessins japon  1€,Train Lima & Jouef=10€+vestes Burburry=20€+Pot Henkel=3€+collier=1€+assiettes dessin mose=4€+tirelire ptt=1€+livre dessins japon=1€,decimale '0 50€' -> 1€ (arrondi sup.) ; decimale '0 5€' -> 1€ (arrondi sup.)
1080,2021-10-09,LE BLANC-MESNIL,OK,False,Tissus thermocollant couture=1€+Poupee annee 50/60=4€,Tissus thermocollant couture=1€+Poupee annee 50/60=4€,
1082,2013-10-12,LE BLANC-MESNIL,DOUTEUX,True,2 draps anciens+torchons 1 pull=6€+sweat hiver pour ph 25 paires de collant le bourget=5€+gerbé 12 50+2 bracelets+2colliers neufs marque skilly pour (pour Noel)=30€,2 draps anciens+torchons 1 pull=6€+sweat hiver pour ph 25 paires de collant le bourget=5€+gerbé=13€+2 bracelets+2colliers neufs marque skilly pour (pour Noel)=30€,prix nu '12 50' -> 13€ ; decimale -> 13€ (arrondi sup.) ; 2 item(s) sans prix
1083,2018-10-06,LE BLANC-MESNIL,OK,False,5 pots à confiture=1€+1 gilet=4€,5 pots à confiture=1€+1 gilet=4€,
1084,2013-06-08,LE BLANC-MESNIL,DOUTEUX,True,Livre malte-brun=45€+livre ancien=35€+vieux portr lettre=7€+livreancien 4+bijoux=3€,Livre malte-brun=45€+livre ancien=35€+vieux portr lettre=7€+livreancien=4€+bijoux=3€,prix nu '4' -> 4€
1086,2016-06-11,LE BLANC-MESNIL,OK,False,3 Grand Cru Dassault=30€+2 Rape Scholl Pieds=20€+2 plats Boch=5€+Majax=1€,3 Grand Cru Dassault=30€+2 Rape Scholl Pieds=20€+2 plats Boch=5€+Majax=1€,
1087,2013-10-12,LE BLANC-MESNIL,OK,False,boutons=42€+faux livre=2€+laguiole=1€+livres ancien=10€+livres=10€+livre art=5€+livre pleioade=1€,boutons=42€+faux livre=2€+laguiole=1€+livres ancien=10€+livres=10€+livre art=5€+livre pleioade=1€,
1088,2014-10-11,LE BLANC-MESNIL,OK,False,2 bonhommes playmobil=1€+1 livre permis=1€+2 x boites crayon de couleur=1€+1 pichet et verre=5€,2 bonhommes playmobil=1€+1 livre permis=1€+2 x boites crayon de couleur=1€+1 pichet et verre=5€,
1090,2017-06-03,LE BLANC-MESNIL,DOUTEUX,True,2 petites cadres  0 50€ -une cafetière melitta  2 €  3 baumes nettoyants bijou  5 €,2 petites cadres=1€+une cafetière melitta=2€+3 baumes nettoyants bijou=5€,decimale '0 50€' -> 1€ (arrondi sup.)
1092,2022-06-04,LE BLANC-MESNIL,OK,False,boules Obut=5€+Livres=8€+Porte clés=5€+Livre chanson=2€+Plaque emaillée=2€+boutons=3€,boules Obut=5€+Livres=8€+Porte clés=5€+Livre chanson=2€+Plaque emaillée=2€+boutons=3€,
1093,2013-06-08,LE BLANC-MESNIL,MANUEL,False,achete 5 lot de 10 enveloppe bulle  laine clementine et 2 jupes pour moi a 50c+ support iphone,achete 5 lot de 10 enveloppe bulle  laine clementine et 2 jupes pour moi a 50c+ support iphone,aucun prix exploitable dans l'entree
1094,2009-06-13,LE BLANC-MESNIL,MANUEL,False,part   interessante,part   interessante,aucun prix exploitable dans l'entree
1096,2016-10-08,LE BLANC-MESNIL,OK,False,Tableau Montmartre=20€+Livres uniformes=1€+Vieilleries=20€+Plat Le creuset=1€,Tableau Montmartre=20€+Livres uniformes=1€+Vieilleries=20€+Plat Le creuset=1€,
1097,2019-10-05,LE BLANC-MESNIL,OK,False,cartes=12€+Casserole le creuset confiture=5€+petit meuble à tiroir pour les PC=7€+Bocaux en verre anciens=5€+kangourou=1€+livres diver=10€+livre montmartre=3€+livre dessert en BD=1€,cartes=12€+Casserole le creuset confiture=5€+petit meuble à tiroir pour les PC=7€+Bocaux en verre anciens=5€+kangourou=1€+livres diver=10€+livre montmartre=3€+livre dessert en BD=1€,
1098,2015-06-13,LE BLANC-MESNIL,DOUTEUX,True,1.5€trc +4€ plat années70+2€ lenotre+3€ partition samson et dalila+3.5€ sandwich lard (bof)+1€tintin,trc=2€+plat années70=4€+lenotre=2€+partition samson et dalila=3€+sandwich lard (bof)=4€+tintin=1€,decimale '1.5€' -> 2€ (arrondi sup.) ; decimale '3.5€' -> 4€ (arrondi sup.)
1099,2019-04-28,LE BOUSCAT,OK,False,Livre cuisine de marc meneau=1€+1porte cle=2€,Livre cuisine de marc meneau=1€+1porte cle=2€,
1100,2019-04-28,LE BOUSCAT,OK,False,sandwich=3€+porte clé=4€,sandwich=3€+porte clé=4€,
1101,2019-06-09,LE CHESNAY,OK,False,Porte clé=25€+Livres=70€+Boites=6€+Porsche=10€,Porte clé=25€+Livres=70€+Boites=6€+Porsche=10€,
1102,2022-05-15,LE MESNIL-EN-THELLE,OK,False,tissus=5€+alarme vintage orange de cuisine=1€,tissus=5€+alarme vintage orange de cuisine=1€,
1103,2019-06-09,LE MESNIL-LE-ROI,OK,False,reveil=3€+disque 45 T=13€,reveil=3€+disque 45 T=13€,
1104,2015-06-08,LE MESNIL-LE-ROI,OK,False,dictionnaire cuisine=60€+villon=17€+jeux=1€,dictionnaire cuisine=60€+villon=17€+jeux=1€,
1106,2015-06-08,LE MESNIL-LE-ROI,OK,False,livre automobile=2€+circuit jouef=10€+collier=3€+2livre exercices calcul=2€+2 ravier VB=3€+2 ramequins vb=1€+1 broche=2€,livre automobile=2€+circuit jouef=10€+collier=3€+2livre exercices calcul=2€+2 ravier VB=3€+2 ramequins vb=1€+1 broche=2€,
1107,2018-06-03,LE MESNIL-LE-ROI,OK,False,lot torchons anciens=2€+lot 4 BD (pied nickeles)=4€+nappe carreau rouge=3€+livre cuisine=1€+livre Proust=4€,lot torchons anciens=2€+lot 4 BD (pied nickeles)=4€+nappe carreau rouge=3€+livre cuisine=1€+livre Proust=4€,
1110,2014-06-07,LE MOLAY-LITTRY,OK,False,livres=5€+plat champignons,livres=5€+plat champignons,1 item(s) sans prix
1112,2013-05-26,LE PLESSIS-BOUCHARD,MANUEL,False,laine bergere de france  ensemble pant,laine bergere de france  ensemble pant,aucun prix exploitable dans l'entree
1114,2021-09-18,LE PLESSIS-ROBINSON,OK,False,Valise=25€+céline=20€+babioles=3€+revues=3€+livres TSF=5€,Valise=25€+céline=20€+babioles=3€+revues=3€+livres TSF=5€,
1115,2018-09-15,LE PLESSIS-ROBINSON,OK,False,6 Dessins quigliati verdiano=20€+Couverts en métal argenté=5€+Plat huitre=5€+Lampe berger=3€+roulette=3€+Jeu aéroport=3€+Cartes postales=2€+Pendulette Suisse=2€+Miroir=3€+Divers=4€+porte clé clemenceau=3€,6 Dessins quigliati verdiano=20€+Couverts en métal argenté=5€+Plat huitre=5€+Lampe berger=3€+roulette=3€+Jeu aéroport=3€+Cartes postales=2€+Pendulette Suisse=2€+Miroir=3€+Divers=4€+porte clé clemenceau=3€,
1116,2021-09-18,LE PLESSIS-ROBINSON,DOUTEUX,True,coupons de tissus   2 € +collier pierre   1€ +Valise   10€ +lot linge ancien   20€   Miroir a main ancien   1 € + lot ecusson  0 50€ +loupe et dossiers transparents  0 50€,coupons de tissus=2€+collier pierre=1€+Valise=10€+lot linge ancien=20€+Miroir a main ancien=1€+lot ecusson=1€+loupe et dossiers transparents=1€,decimale '0 50€' -> 1€ (arrondi sup.) ; decimale '0 50€' -> 1€ (arrondi sup.)
1121,2020-07-27,LE THIL,OK,False,Alphabet Ancien=18€+Carreaux Gie=30€+Livre école=2€+Dessins St Tropez=2€+Livres=2€+Oeufs=18€,Alphabet Ancien=18€+Carreaux Gie=30€+Livre école=2€+Dessins St Tropez=2€+Livres=2€+Oeufs=18€,
1122,2020-07-26,LE THIL,OK,False,Alphabet Ancien=18€+Carreaux Gie=30€+Livre école=2€+Dessins St Tropez=2€+Livres=2€+Oeufs=18€,Alphabet Ancien=18€+Carreaux Gie=30€+Livre école=2€+Dessins St Tropez=2€+Livres=2€+Oeufs=18€,
1127,2016-08-15,LE VAUDREUIL,OK,False,Chasses=5€,Chasses=5€,
1134,2009-04-18,LES AUTHIEUX,MANUEL,False,A faire si rien d autre. Il pleuvait (30 exposants),A faire si rien d autre. Il pleuvait (30 exposants),aucun prix exploitable dans l'entree
1135,2019-06-30,LES CLAYES-SOUS-BOIS,OK,False,Doufeu=10€+Porte clés=3€,Doufeu=10€+Porte clés=3€,
1138,2018-07-21,LES PIEUX,OK,False,bouilloire V&B=5€+Pot V&B=2€+Livres=3€,bouilloire V&B=5€+Pot V&B=2€+Livres=3€,
1139,2018-07-21,LES PIEUX,OK,False,Assiettes Superposées=1€+Livres=1€,Assiettes Superposées=1€+Livres=1€,
1143,2019-04-14,LIMEIL-BREVANNES,OK,False,Sac Francine=30€+Bols=1€+porte Clé=2€,Sac Francine=30€+Bols=1€+porte Clé=2€,
1147,2021-08-22,LIVERNON,OK,False,Livres érotiques=10€,Livres érotiques=10€,
1148,2019-07-07,LIZY-SUR-OURCQ,OK,False,Médaillons=4€+Montres=4€+Cartes postales=2€+Cerises 7kg=20€+Rhubarbe=5€,Médaillons=4€+Montres=4€+Cartes postales=2€+Cerises 7kg=20€+Rhubarbe=5€,
1151,2018-05-10,LONGUESSE,OK,False,diable à=8€,diable à=8€,
1153,2019-04-28,LORIGNAC,OK,False,Dessous de Plat Vallauris=5€+2 cafés=2€,Dessous de Plat Vallauris=5€+2 cafés=2€,
1155,2022-12-04,LOUVRES,DOUTEUX,True,Assiette V&B  1 5 + lot papeterie   5  +revue reliée Echo de la mode   5 +livre couture  2+ Etiquette valise   0 ,Assiette V&B=2€+lot papeterie=5€+revue reliée Echo de la mode=5€+livre couture=2€+Etiquette valise=0€,prix nu '1 5' -> 2€ ; decimale -> 2€ (arrondi sup.) ; prix nu '5' -> 5€ ; prix nu '5' -> 5€ ; prix nu '2' -> 2€ ; prix nu '0' -> 0€
1157,2013-06-16,LOUVRES,OK,False,de laine pour clem=2€+robe Gerard Darel=2€+ensemble caroll=15€,de laine pour clem=2€+robe Gerard Darel=2€+ensemble caroll=15€,
1159,2022-09-11,LUZARCHES,OK,False,Vosges=10€+System D=4€+tabliers=2€+Livre=1€+affiches securité=10€,Vosges=10€+System D=4€+tabliers=2€+Livre=1€+affiches securité=10€,
1161,2023-09-17,MAGNY-EN-VEXIN,DOUTEUX,True,2 kg Rhubarbe  5  + 2 kg peches  5  + Amidon  3,2 kg Rhubarbe=5€+2 kg peches=5€+Amidon=3€,prix nu '5' -> 5€ ; nombre isole dans la description : items possiblement fusionnes ; prix nu '5' -> 5€ ; nombre isole dans la description : items possiblement fusionnes ; prix nu '3' -> 3€
1164,2019-09-15,MAISONS-LAFFITTE,OK,False,Livre ancien=5€+valise=1€+Porte clé=4€+thuries=5€+flot bleu=1€+cendrillon 3D=2€+flan=2€,Livre ancien=5€+valise=1€+Porte clé=4€+thuries=5€+flot bleu=1€+cendrillon 3D=2€+flan=2€,
1165,2017-09-17,MAISONS-LAFFITTE,OK,False,catalogue 1936=2€+Flan=2€,catalogue 1936=2€+Flan=2€,
1166,2017-09-17,MAISONS-LAFFITTE,OK,False,1 bracelet faustine Noel=1€+1petite cocotte le creuset=2€+1 bonnet ancien bébé=2€+1 jupe wax=3€+bijou=3€,1 bracelet faustine Noel=1€+1petite cocotte le creuset=2€+1 bonnet ancien bébé=2€+1 jupe wax=3€+bijou=3€,
1167,2015-04-18,MALAKOFF,OK,False,1 tableau francine=1€+2 draps en fil brode 1 livret champignons 0 2=4€,1 tableau francine=1€+2 draps en fil brode 1 livret champignons 0 2=4€,
1169,2015-04-18,MALAKOFF,OK,False,Valise=10€+deco petit violon=2€+sandwich cafe=6€,Valise=10€+deco petit violon=2€+sandwich cafe=6€,
1171,2013-04-20,MALAKOFF,OK,False,couture=2€+livre en relief=2€+memoires ane=2€+livre ecole=1€,couture=2€+livre en relief=2€+memoires ane=2€+livre ecole=1€,
1176,2018-04-02,MARCOUSSIS,DOUTEUX,True,70 Sacs en papier  3€+ Péage A14 7€,70 Sacs en papier=3€+Péage A=15€,decimale '14 7€' -> 15€ (arrondi sup.)
1179,2013-05-12,MAREIL-EN-FRANCE,MANUEL,False,laine BERGERE FRANCE + POT DE FLEUR,laine BERGERE FRANCE + POT DE FLEUR,aucun prix exploitable dans l'entree
1180,2022-06-26,MAREIL-MARLY,MANUEL,False,Rien acheté,Rien acheté,aucun prix exploitable dans l'entree
1182,2017-06-11,MARINES,OK,False,6 Assiettes Gien le boucher=7€+1 collier=3€+2 bagues kenzo=3€+2 sac a pain en lin=3€+6 assiettes boeuf=6€+1 foulard en soie=1€+2 kg café noir=10€,6 Assiettes Gien le boucher=7€+1 collier=3€+2 bagues kenzo=3€+2 sac a pain en lin=3€+6 assiettes boeuf=6€+1 foulard en soie=1€+2 kg café noir=10€,
1183,2017-06-11,MARINES,OK,False,Asperges+Abricots=18€+Horloge=5€+Carpe=1€+Couvercle Le Creuset=4€+Bouchons=1€+Chapeau=1€+Aquarelles du centre=10€,Asperges+Abricots=18€+Horloge=5€+Carpe=1€+Couvercle Le Creuset=4€+Bouchons=1€+Chapeau=1€+Aquarelles du centre=10€,1 item(s) sans prix
1184,2023-06-11,MARINES,OK,False,1lot de mouchoirs anciens=1€+3 rubans Monogrammes=1€+Poupee corolle cherie et accessoire=5€,1lot de mouchoirs anciens=1€+3 rubans Monogrammes=1€+Poupee corolle cherie et accessoire=5€,
1185,2013-06-09,MARINES,OK,False,4 livres (contes des1001 jours mémoire d un hanneton et 2 livresde geo( )=10€+2 robes pour moi ( )=4€,4 livres (contes des1001 jours mémoire d un hanneton et 2 livresde geo( )=10€+2 robes pour moi ( )=4€,
1186,2022-06-12,MARINES,DOUTEUX,True,1 bd Titin=1€+1 livre illustré Adrienne segur et une BD=2€+Linge ancien=5€+15 boites de plumes sergent major=45€+asperge oeufs tomates 23,1 bd Titin=1€+1 livre illustré Adrienne segur et une BD=2€+Linge ancien=5€+15 boites de plumes sergent major=45€+asperge oeufs tomates=23€,prix nu '23' -> 23€
1187,2016-06-12,MARINES,OK,False,Desserts Hélène Vincent (edition 1992 moins recherchée)=2€,Desserts Hélène Vincent (edition 1992 moins recherchée)=2€,
1189,2022-06-12,MARINES,OK,False,Vie Parisienne=35€+Cerises=13€+revue marine=10€,Vie Parisienne=35€+Cerises=13€+revue marine=10€,
1191,2023-06-25,MARLY-LE-ROI,OK,False,Jeu ancien+3 livres+1 photo=5€+Bijoux vintage=8€+Boutons nacre=5€,Jeu ancien+3 livres+1 photo=5€+Bijoux vintage=8€+Boutons nacre=5€,2 item(s) sans prix
1192,2022-07-03,MARLY-LE-ROI,DOUTEUX,True,Bijoux   8 5 euros.,Bijoux=9€,decimale '8 5 euros' -> 9€ (arrondi sup.)
1193,2019-06-30,MARLY-LE-ROI,OK,False,Disques 78=5€+Porte clé=15€+images francine=12€+gibson=4€+livres=2€+drap=5€,Disques 78=5€+Porte clé=15€+images francine=12€+gibson=4€+livres=2€+drap=5€,
1196,2018-05-27,MAURECOURT,OK,False,1 sce café rose chintz=5€,1 sce café rose chintz=5€,
1197,2015-05-10,MAURECOURT,OK,False,2 livres photos=1€+1veste cuir redskins vintage=5€+bracelet=3€+ensemble robe=10€,2 livres photos=1€+1veste cuir redskins vintage=5€+bracelet=3€+ensemble robe=10€,
1198,2014-05-18,MAURECOURT,OK,False,verres=5€+sacs=9€+livres=5€+echecs=8€+3e divers livres,verres=5€+sacs=9€+livres=5€+echecs=8€+3e divers livres,1 item(s) sans prix
1201,2015-05-10,MAURECOURT,OK,False,poissons=4€+service toulon=10€+tirelire cassable=7€+villeroy=2€+belleville=2€+dessous de plat=1€+apparteil photos=18€+laguiole=2€+livre histoire=18€,poissons=4€+service toulon=10€+tirelire cassable=7€+villeroy=2€+belleville=2€+dessous de plat=1€+apparteil photos=18€+laguiole=2€+livre histoire=18€,
1202,2014-05-18,MAURECOURT,OK,False,Trouvé 1 perruque=15€+3 draps pour=5€+1paire rideaux doublés pour=7€+3 sac a mains vintage pour=10€+1jeu de carte hermes=2€,Trouvé 1 perruque=15€+3 draps pour=5€+1paire rideaux doublés pour=7€+3 sac a mains vintage pour=10€+1jeu de carte hermes=2€,
1204,2023-10-08,MAUREPAS,DOUTEUX,True,playmobil chateau+soldats=22€+VB naif et tasse albert=7€+livres 10+jeux=6€+PC=2€,playmobil chateau+soldats=22€+VB naif et tasse albert=7€+livres=10€+jeux=6€+PC=2€,prix nu '10' -> 10€ ; 1 item(s) sans prix
1205,2022-10-09,MAUREPAS,OK,False,Apollinaire=15€+boite bavoir=1€+Poupées=3€+eau de cologne=4€,Apollinaire=15€+boite bavoir=1€+Poupées=3€+eau de cologne=4€,
1206,2023-10-08,MAUREPAS,DOUTEUX,True,4 Plats V&B Type Naif  10 + 2 serviettes eponges et tapis de bains   4 + Figurine Capitaine Haddock  1  + lot Cadres Photos   2 + Livre Thermomix  1 +Bijou  7  2 Livres Paul  2,4 Plats V&B Type Naif=10€+2 serviettes eponges et tapis de bains=4€+Figurine Capitaine Haddock=1€+lot Cadres Photos=2€+Livre Thermomix=1€+Bijou 7 2 Livres Paul=2€,prix nu '10' -> 10€ ; nombre isole dans la description : items possiblement fusionnes ; prix nu '4' -> 4€ ; nombre isole dans la description : items possiblement fusionnes ; prix nu '1' -> 1€ ; prix nu '2' -> 2€ ; prix nu '1' -> 1€ ; prix nu '2' -> 2€ ; nombre isole dans la description : items possiblement fusionnes
1207,2022-10-09,MAUREPAS,OK,False,Une poupée corolle numerotée=5€+un coffret de biberons pyrex=7€+2 assiettes V&B=2€+bas nylon &combinaison=5€+cocotte le creuset=5€,Une poupée corolle numerotée=5€+un coffret de biberons pyrex=7€+2 assiettes V&B=2€+bas nylon &combinaison=5€+cocotte le creuset=5€,
1208,2021-10-10,MAUREPAS,OK,False,terrine faisan=2€+livre école=4€+bottin=2€+panache=4€+verres granité=3€+beau livre mazenot=2€+assiette coq=1€+fabrication amateur=10€+athletisme=2€,terrine faisan=2€+livre école=4€+bottin=2€+panache=4€+verres granité=3€+beau livre mazenot=2€+assiette coq=1€+fabrication amateur=10€+athletisme=2€,
1210,2017-09-17,MEDAN,OK,False,Tableau abimé=10€+Servante atelier Black & Decker=20€+Plats et Assiette Villeroy=20€+Bols=1€,Tableau abimé=10€+Servante atelier Black & Decker=20€+Plats et Assiette Villeroy=20€+Bols=1€,
1211,2023-09-24,MEDAN,OK,False,huiles Veyssiere=20€+Cartes Postales=5 torchons Lin=5€+gien fondue=8€+Divers Vaisselle=10€,huiles Veyssiere=20€+Cartes Postales=5 torchons Lin=5€+gien fondue=8€+Divers Vaisselle=10€,
1213,2021-09-19,MENUCOURT,OK,False,Lot livres (couture robe du soir conserve Missel avec faire-part décès)=2€+poupée Gégé MC5 avec vêtement=5€+Figurine Gaston laGaffe=2€+Lotion corps=1€+tissus=2€,Lot livres (couture robe du soir conserve Missel avec faire-part décès)=2€+poupée Gégé MC5 avec vêtement=5€+Figurine Gaston laGaffe=2€+Lotion corps=1€+tissus=2€,
1214,2016-09-18,MENUCOURT,DOUTEUX,True,Service V&B Acapulco 12€ - bouton 2 5€ - bo 1€ - 2 verres + figurine tintin 3€,Service V&B Acapulco=12€+bouton=3€+bo=1€+2 verres+figurine tintin=3€,decimale '2 5€' -> 3€ (arrondi sup.) ; 1 item(s) sans prix
1217,2021-09-19,MENUCOURT,OK,False,Livres=7€+classeur=2€,Livres=7€+classeur=2€,
1218,2023-04-02,MERIEL,MANUEL,False,mais espace vide. en fait la brocante est prévue à partir de 8 h pour les vendeurs. je suis partie à Puiseux Pontoise,mais espace vide. en fait la brocante est prévue à partir de 8 h pour les vendeurs. je suis partie à Puiseux Pontoise,aucun prix exploitable dans l'entree
1219,2017-04-02,MERIEL,OK,False,Taies et torchons anciens=15€+cadres=2€+1 cocotte le creuset=2€,Taies et torchons anciens=15€+cadres=2€+1 cocotte le creuset=2€,
1222,2017-04-16,MERU,OK,False,2 livres pAtissier chocolatier=3€,2 livres pAtissier chocolatier=3€,
1224,2013-07-21,MERU,MANUEL,True,1 collier ancien ,1 collier ancien,aucun prix exploitable dans l'entree
1225,2023-06-18,MERU,DOUTEUX,True,Autoroute A/R =3 6,Autoroute A/R=4€,decimale 'Autoroute A/R =3 6' -> 4€ (arrondi sup.)
1227,2013-07-21,MERU,OK,False,vélo=15€+boites à épices=10€+cartes nintendo=15€+(livres uniformes et desserts Héléne Vincent)=3€+boites de dvd=2€+coutures=8€,vélo=15€+boites à épices=10€+cartes nintendo=15€+(livres uniformes et desserts Héléne Vincent)=3€+boites de dvd=2€+coutures=8€,
1229,2018-05-13,MERY-SUR-OISE,OK,False,lot petits soldats=2€,lot petits soldats=2€,
1230,2019-05-12,MERY-SUR-OISE,MANUEL,False,Vu l heure rien trouvé,Vu l heure rien trouvé,aucun prix exploitable dans l'entree
1233,2015-04-19,MERY-SUR-OISE,OK,False,1 le creuset ds sa boite=15€+8 livres anciens=4€+Jeu du pett imprimeur=10€+bijou=3€+1 robe plage=1€,1 le creuset ds sa boite=15€+8 livres anciens=4€+Jeu du pett imprimeur=10€+bijou=3€+1 robe plage=1€,
1234,2016-04-17,MERY-SUR-OISE,OK,False,1 service villeroy=10€+1 pantalon 123=1€,1 service villeroy=10€+1 pantalon 123=1€,
1236,2021-09-12,MÉZY-SUR-SEINE,OK,False,revue+poupée=1€+lot couture=2€+livre école=1€+pot anglais=2€,revue+poupée=1€+lot couture=2€+livre école=1€+pot anglais=2€,1 item(s) sans prix
1237,2021-09-12,MÉZY-SUR-SEINE,OK,False,images Epinal=15€+album Mickeys anciens=10€+gien=5€+cadre=2€+livres ecole=1€,images Epinal=15€+album Mickeys anciens=10€+gien=5€+cadre=2€+livres ecole=1€,
1238,2022-09-18,MÉZY-SUR-SEINE,OK,False,1 robe de bebe de bapteme ancienne=2€+lot Porte-clé=2€,1 robe de bebe de bapteme ancienne=2€+lot Porte-clé=2€,
1241,2019-08-03,MILLIERES,OK,False,Legumes=13€+objet pétanque=3€,Legumes=13€+objet pétanque=3€,
1242,2018-08-04,MILLIERES,OK,False,Timbres épiceries buvard=7€+Repas=20€,Timbres épiceries buvard=7€+Repas=20€,
1243,2015-08-01,MILLIERES,OK,False,crayons dessins=5€+24 oeufs (bons)+illustrés que j ai jetés=5€,crayons dessins=5€+24 oeufs (bons)+illustrés que j ai jetés=5€,1 item(s) sans prix
1244,2018-08-04,MILLIERES,OK,False,Torchons=10€+Boissons=5€,Torchons=10€+Boissons=5€,
1246,2018-05-13,MITRY-MORY,DOUTEUX,True,crêpe 2€+Bayonne 4€+1/2 baguette 0.5€+religieuse 2€+livres astrologie 15€+livre 5€+sac transport habit 8€+enveloppes 10€+tirelire 1€,crêpe=2€+Bayonne=4€+1/2 baguette=1€+religieuse=2€+livres astrologie=15€+livre=5€+sac transport habit=8€+enveloppes=10€+tirelire=1€,decimale '0.5€' -> 1€ (arrondi sup.)
1247,2023-07-16,MONDREVILLE,OK,False,l epatant=3€+assiette pétanque=2€+plaque à roulette=3€,l epatant=3€+assiette pétanque=2€+plaque à roulette=3€,
1249,2019-07-21,MONDREVILLE,OK,False,revues=2€+Rangement outil radio=5€,revues=2€+Rangement outil radio=5€,
1251,2019-07-21,MONDREVILLE,OK,False,2 pots laura Ashley=2€+1 panneau deco petit bateau=1€,2 pots laura Ashley=2€+1 panneau deco petit bateau=1€,
1252,2023-07-16,MONDREVILLE,OK,False,Pots Yalacta porcelaine=2€+1 revue Corvette=1€,Pots Yalacta porcelaine=2€+1 revue Corvette=1€,
1255,2018-08-18,MONTAURE,DOUTEUX,True,Laguiole Bougna x2  17€+Casseroles Staub 5€+Oeufs 6€+Livres 6€+Porte clés 4€+2 cafés 2€+Livres ecole 2€+Thermomix 2€,Laguiole Bougna x=3€+Casseroles Staub=5€+Oeufs=6€+Livres=6€+Porte clés=4€+2 cafés=2€+Livres ecole=2€+Thermomix=2€,decimale '2  17€' -> 3€ (arrondi sup.)
1256,2018-08-18,MONTAURE,OK,False,Livre école=1€+= Livre de la mode du Figaro=3€+Draps=25€+porte clés=1€+tablier cuisine=4€+Lot vaisselle V&B et assiettes humour=20€,Livre école=1€+= Livre de la mode du Figaro=3€+Draps=25€+porte clés=1€+tablier cuisine=4€+Lot vaisselle V&B et assiettes humour=20€,
1259,2014-08-23,MONTAURE,OK,False,Peage=12€+parfum=30€+livres=50€+assiettes=3€+clés allen=7€,Peage=12€+parfum=30€+livres=50€+assiettes=3€+clés allen=7€,
1262,2013-08-24,MONTAURE,OK,False,coffre isotherme=12€+fruit=5€,coffre isotherme=12€+fruit=5€,
1263,2013-08-24,MONTAURE,OK,False,Jeu=2€+Tomates=2€+balance=5€,Jeu=2€+Tomates=2€+balance=5€,
1265,2019-09-08,MONTCHAUVET,OK,False,Porte clés=12€,Porte clés=12€,
1267,2016-06-19,MONTESSON,OK,False,4 ramequins le creuset=2€,4 ramequins le creuset=2€,
1268,2016-10-30,MONTESSON,OK,False,Pommeau Douche Grohe=50€+Cordon douche Grohe=20€+livre Joubert=5€+Livres 18eme=6€,Pommeau Douche Grohe=50€+Cordon douche Grohe=20€+livre Joubert=5€+Livres 18eme=6€,
1270,2018-04-08,MONTESSON,OK,False,3 livres+1 livre avec CP=18€,3 livres+1 livre avec CP=18€,1 item(s) sans prix
1271,2014-10-26,MONTESSON,OK,False,1plat+tasse+sucrier+pot a lait=15€+3 tasses villeroy+6 assiettes=6€+1 livre les fabulistes=2€,1plat+tasse+sucrier+pot a lait=15€+3 tasses villeroy+6 assiettes=6€+1 livre les fabulistes=2€,4 item(s) sans prix
1272,2017-03-26,MONTESSON,OK,False,1 pull=2€+lot assiettes sarah kay=2€+1 collier nacre=4€+1 broc ancien (cassée)=4€+1 café=2€,1 pull=2€+lot assiettes sarah kay=2€+1 collier nacre=4€+1 broc ancien (cassée)=4€+1 café=2€,
1273,2015-03-22,MONTESSON,OK,False,3 p collants bourget=2€+3 plats et assiettes villeroy=10€,3 p collants bourget=2€+3 plats et assiettes villeroy=10€,
1274,2016-10-30,MONTESSON,OK,False,Tuyau douche Grohe=20€+ramequins le creuset neuf ds leur boite=12€+1 livre photo=20€+1 livre j. Adrien mercier=2€+1 plat à tarte Villeroy=1€+1 hache de cuisine=2€,Tuyau douche Grohe=20€+ramequins le creuset neuf ds leur boite=12€+1 livre photo=20€+1 livre j. Adrien mercier=2€+1 plat à tarte Villeroy=1€+1 hache de cuisine=2€,
1276,2009-06-13,MONTFERMEIL,MANUEL,False,a fraire si blanc mesnil ou ds le coin,a fraire si blanc mesnil ou ds le coin,aucun prix exploitable dans l'entree
1278,2009-07-19,MONTGERON,MANUEL,False,Dico grec,Dico grec,aucun prix exploitable dans l'entree
1279,2022-06-05,MONTGEROULT,DOUTEUX,True,Rond de serviette en  ivoire  0 5 + porte cle  0 5,Rond de serviette en ivoire=1€+porte cle=1€,prix nu '0 5' -> 1€ ; decimale -> 1€ (arrondi sup.) ; prix nu '0 5' -> 1€ ; decimale -> 1€ (arrondi sup.)
1285,2020-09-06,MONTJAVOULT,MANUEL,False,2 livres couture poupée + maison   je me suis debarassée de celui de la maison car plus de bricolage que de couture,2 livres couture poupée + maison   je me suis debarassée de celui de la maison car plus de bricolage que de couture,aucun prix exploitable dans l'entree
1287,2022-09-04,MONTJAVOULT,OK,False,Affiches=10€+livres=3€,Affiches=10€+livres=3€,
1290,2015-08-30,MONTLIGNON,OK,False,Gedeon Rabier=10€+Bouteilles vides=3€+vase=2€+casserolle Le creuset jamais utilisée=2€+Rond de Serviette Villeroy Naif=5€,Gedeon Rabier=10€+Bouteilles vides=3€+vase=2€+casserolle Le creuset jamais utilisée=2€+Rond de Serviette Villeroy Naif=5€,
1291,2014-08-31,MONTLIGNON,OK,False,3 dinettes=20€+couture et boutons=12€+assiettes villeroy et=8€+confiture=12€+partitions=10€+boite en bois=3€+2 botes coutures=5€+livres meccano=8€,3 dinettes=20€+couture et boutons=12€+assiettes villeroy et=8€+confiture=12€+partitions=10€+boite en bois=3€+2 botes coutures=5€+livres meccano=8€,
1298,2016-05-16,MONTMAGNY,DOUTEUX,True,2 Guitares de luthiers 20€ -2 veste polaires 10€ -1 plaid 4€- des herbes de jardin 0 8€,2 Guitares de luthiers=20€+2 veste polaires=10€+1 plaid=4€+des herbes de jardin=1€,decimale '0 8€' -> 1€ (arrondi sup.)
1299,2017-06-05,MONTMAGNY,OK,False,Livre=2€+herbes cuisine=2€,Livre=2€+herbes cuisine=2€,
1300,2022-08-14,MONTMARTIN-SUR-MER,OK,False,Livre école=4€+PC=5€+couteaux anglais=5€+Tapis de bain=4€+Livres=4€,Livre école=4€+PC=5€+couteaux anglais=5€+Tapis de bain=4€+Livres=4€,
1301,2019-08-11,MONTMARTIN-SUR-MER,OK,False,Pommes de terre 17 kg=17€+porte clé=4€+Livre De gaulle=1€+divers=4€,Pommes de terre 17 kg=17€+porte clé=4€+Livre De gaulle=1€+divers=4€,
1302,2019-08-11,MONTMARTIN-SUR-MER,OK,False,lot de catalogues anciens+drap nappe taie=20€+pose plat=1€+vetements anciens+taie=20€,lot de catalogues anciens+drap nappe taie=20€+pose plat=1€+vetements anciens+taie=20€,2 item(s) sans prix
1303,2022-08-14,MONTMARTIN-SUR-MER,DOUTEUX,True,lot Linge ancien (curé)=40€+2 livres la pleiade=2€+boite couvercle crepes 1+6 assiettes Pink anglaises=5€,lot Linge ancien (curé)=40€+2 livres la pleiade=2€+boite couvercle crepes=1€+6 assiettes Pink anglaises=5€,prix nu '1' -> 1€
1308,2013-10-13,MONTMORENCY,OK,False,de marionnettes incas=14€+cartes educatives=2€+cadran solaire=8€+cuisine=2€+gateau=2€+vieux livres=5€+panhard=2€,de marionnettes incas=14€+cartes educatives=2€+cadran solaire=8€+cuisine=2€+gateau=2€+vieux livres=5€+panhard=2€,
1311,2015-10-11,MONTMORENCY,OK,False,Staub petit plats=19€+Carte Chemin de fer 1850=2€+Plat Villeroy=1€+sce chocolat VB+1 plat le creuset,Staub petit plats=19€+Carte Chemin de fer 1850=2€+Plat Villeroy=1€+sce chocolat VB+1 plat le creuset,2 item(s) sans prix
1312,2015-10-11,MONTMORENCY,OK,False,de parfum roget gallet=4€+4 plat a cake+petits rameqins 8- 2boutellle ancienne=5€+de boucle oreille=2€+assiettes signées=7€,de parfum roget gallet=4€+4 plat a cake+petits rameqins 8- 2boutellle ancienne=5€+de boucle oreille=2€+assiettes signées=7€,1 item(s) sans prix
1314,2019-08-11,MONTPINCHON,DOUTEUX,True,tableaux africains=40€+bouteille garnier 2+cadres photos=3€+porte clé=4€+plat ambre=1€+divers=4€+Repas=14€,tableaux africains=40€+bouteille garnier=2€+cadres photos=3€+porte clé=4€+plat ambre=1€+divers=4€+Repas=14€,prix nu '2' -> 2€
1315,2019-08-11,MONTPINCHON,OK,False,boite à bijoux en verre taillé+verre carte à jouer+torchons en lins+serviettes brodées=13€+poupées et foulard=4€+Gigot=10€,boite à bijoux en verre taillé+verre carte à jouer+torchons en lins+serviettes brodées=13€+poupées et foulard=4€+Gigot=10€,3 item(s) sans prix
1318,2017-05-21,MONTSOULT,OK,False,Bijoux=28€+Cartes du Vin=20€+Terrine Le Creuset=6€+Sac Lancel=3€+Jeu bridge ancien=3€+lili=1€,Bijoux=28€+Cartes du Vin=20€+Terrine Le Creuset=6€+Sac Lancel=3€+Jeu bridge ancien=3€+lili=1€,
1319,2018-05-27,MONTSOULT,OK,False,manufrance=2€+divers brocante=5€,manufrance=2€+divers brocante=5€,
1320,2017-05-21,MONTSOULT,OK,False,Lot livre chaudronnerie serrurerie voiture=10€+1 phare=1€+Lot papier photo=1€+1 presse ail=1€+1 lot de 41 enveloppe bulle=3€,Lot livre chaudronnerie serrurerie voiture=10€+1 phare=1€+Lot papier photo=1€+1 presse ail=1€+1 lot de 41 enveloppe bulle=3€,
1323,2019-09-09,MORAINVILLIERS,DOUTEUX,True,Une poupée Gégé des années 50 avec sa tenue complete   1€ - un livre sur Proust en anglais  0 5 €- Une cafetiere thermo V&B  2€,Une poupée Gégé des années 50 avec sa tenue complete=1€+un livre sur Proust en anglais=1€+Une cafetiere thermo V&B=2€,decimale '0 5 €' -> 1€ (arrondi sup.)
1325,2011-04-30,MORANGIS,VIDE,True, ,,
1331,2023-08-20,MUIDS,OK,False,15 kg Mirabelles=37€+25 kg Patates=10€+2kg Peches=4€+4kg Tomates=16€+oeufs=6€+Assiettes Hunting=10€+Arabes du Futur=15€+Cuisine Gault=10€+Signe de Piste=5€+Divers tracteurs=10€+Cuisinez Divers=7€+Malo=2€,15 kg Mirabelles=37€+25 kg Patates=10€+2kg Peches=4€+4kg Tomates=16€+oeufs=6€+Assiettes Hunting=10€+Arabes du Futur=15€+Cuisine Gault=10€+Signe de Piste=5€+Divers tracteurs=10€+Cuisinez Divers=7€+Malo=2€,
1333,2017-08-27,NAVEIL,OK,False,Tomates=3€+Coquetiers Villeroy=2€+Sandwichs Rillettes=4€,Tomates=3€+Coquetiers Villeroy=2€+Sandwichs Rillettes=4€,
1334,2017-08-27,NAVEIL,OK,False,Torchons anciens et vintage (0 50 piece) soit=3€+tomates+prune=4€,Torchons anciens et vintage (0 50 piece) soit=3€+tomates+prune=4€,1 item(s) sans prix
1335,2019-06-23,NEAUPHLE-LE-CHATEAU,MANUEL,False,Pas d achat,Pas d achat,aucun prix exploitable dans l'entree
1341,2016-04-24,NEUVILLE-SUR-OISE,OK,False,Cocotte non Le creuset=8€+lot Vie Parisienne=10€,Cocotte non Le creuset=8€+lot Vie Parisienne=10€,
1342,2017-04-30,NEUVILLE-SUR-OISE,OK,False,4 terrines Lecreuset=10€+plat Le Creuset=3€,4 terrines Lecreuset=10€+plat Le Creuset=3€,
1344,2015-04-26,NEUVILLE-SUR-OISE,OK,False,1RADAR (KDO NOEL)=1€+Vetements Darel et sandro pour clem (=20€+) 1 veste=2€+1tee shirt adidas paul-H=1€+1 paire chaussure=1€,1RADAR (KDO NOEL)=1€+Vetements Darel et sandro pour clem (=20€+) 1 veste=2€+1tee shirt adidas paul-H=1€+1 paire chaussure=1€,
1345,2016-04-24,NEUVILLE-SUR-OISE,OK,False,de verre des années 50=1€,de verre des années 50=1€,
1347,2014-04-27,NEUVILLE-SUR-OISE,MANUEL,False,trouve 2 plat a four le creuset (3e),trouve 2 plat a four le creuset (3e),aucun prix exploitable dans l'entree
1349,2019-06-02,NEZEL,OK,False,Cremier+sucrier+2 assiettes acapulco=2€,Cremier+sucrier+2 assiettes acapulco=2€,2 item(s) sans prix
1350,2019-07-28,NICORPS,OK,False,porte clé Johnny=6€+assiettes=2€+livre charcuterie=2€+livres ecole=4€+sandwich=2€+légumes=14€,porte clé Johnny=6€+assiettes=2€+livre charcuterie=2€+livres ecole=4€+sandwich=2€+légumes=14€,
1351,2018-07-29,NICORPS,OK,False,tomates haricots verts=25€+vaisselle=2€+Repas=4€,tomates haricots verts=25€+vaisselle=2€+Repas=4€,
1354,2010-03-14,NOAILLES,MANUEL,False,Cuisinier de Gaulle,Cuisinier de Gaulle,aucun prix exploitable dans l'entree
1356,2022-10-30,NOAILLES,DOUTEUX,True,4 Figurines Petit Ours Brun  4  +tissus  3    2 poupees  Barbie (vetement)    2,4 Figurines Petit Ours Brun=4€+tissus 3 2 poupees Barbie (vetement)=2€,prix nu '4' -> 4€ ; nombre isole dans la description : items possiblement fusionnes ; prix nu '2' -> 2€ ; nombre isole dans la description : items possiblement fusionnes
1357,2023-01-16,NOAILLES,MANUEL,False,Petites figurines petit ours bruns   tissus noel,Petites figurines petit ours bruns   tissus noel,aucun prix exploitable dans l'entree
1359,2019-08-25,NOGENT-SUR-OISE,OK,False,Porte clé=20€+Images=3€+Tomates=12€,Porte clé=20€+Images=3€+Tomates=12€,
1360,2018-08-26,NOGENT-SUR-OISE,OK,False,Cocotte Coutances=2€+Légumes=5€+Porte clés=8€+revues=4€+danseuses métal=3€+livres chien=2€+Photos Cp=5€,Cocotte Coutances=2€+Légumes=5€+Porte clés=8€+revues=4€+danseuses métal=3€+livres chien=2€+Photos Cp=5€,
1363,2018-08-26,NOGENT-SUR-OISE,DOUTEUX,True,2 petites cocottes le creuset orange  en fonte  2 € -1 lot 18 torchons anciens  18 € - 1 lot 3 bijoux agatha  15 € - lot de 4 bd pieds nickelés/ journal tintin   2 € - 1 livre Lenotre patisserie  1 € - 1 lot de pot a epices anciens  1 50 € - 1 disque djan,2 petites cocottes le creuset orange en fonte=2€+1 lot 18 torchons anciens=18€+1 lot 3 bijoux agatha=15€+lot de 4 bd pieds nickelés/ journal tintin=2€+1 livre Lenotre patisserie=1€+1 lot de pot a epices anciens=2€+1 disque djan,decimale '1 50 €' -> 2€ (arrondi sup.) ; 1 item(s) sans prix
1364,2016-08-28,NOGENT-SUR-OISE,MANUEL,False,rien acheté,rien acheté,aucun prix exploitable dans l'entree
1367,2016-04-10,NUCOURT,OK,False,tasses Acapulco Villeroy=5€+Flutes Cristal Arques neuves=5€,tasses Acapulco Villeroy=5€+Flutes Cristal Arques neuves=5€,
1369,2018-04-08,NUCOURT,DOUTEUX,True,livre alger=1€+Lots drap torchons jupons veste anciennes=20€+lot damart=7€+petites voitures=1€+Brosses à dents & sacs congélation 2 5,livre alger=1€+Lots drap torchons jupons veste anciennes=20€+lot damart=7€+petites voitures=1€+Brosses à dents & sacs congélation=3€,prix nu '2 5' -> 3€ ; decimale -> 3€ (arrondi sup.)
1370,2017-04-09,NUCOURT,OK,False,Cadres=1€+chemises ancienne=5€,Cadres=1€+chemises ancienne=5€,
1371,2023-04-09,NUCOURT,OK,False,Assiettes degrenne et provinces=10€+mini meuble=10€+grands Santons=20€+tableau=2€+Plat=1€,Assiettes degrenne et provinces=10€+mini meuble=10€+grands Santons=20€+tableau=2€+Plat=1€,
1372,2016-04-10,NUCOURT,OK,False,nappe=2€+serviette+robe=2€+panier plastique=1€+album photos=5€+cahier=4€,nappe=2€+serviette+robe=2€+panier plastique=1€+album photos=5€+cahier=4€,1 item(s) sans prix
1374,2022-05-15,NUCOURT,OK,False,Lot foulard soie vintage (test)=10€+lot Enveloppes=3€+2livres sur dentelles=3€,Lot foulard soie vintage (test)=10€+lot Enveloppes=3€+2livres sur dentelles=3€,
1376,2023-04-09,NUCOURT,DOUTEUX,True,Plateau cuisine=1€+Oeufs =3 2 = collier 1,Plateau cuisine=1€+Oeufs =3 2 = collier=1€,prix nu '1' -> 1€
1377,2014-04-13,NUCOURT,OK,False,lot de livre de couture alphabet=10€+images de fables=3€+oeufs et confitures,lot de livre de couture alphabet=10€+images de fables=3€+oeufs et confitures,1 item(s) sans prix
1378,2022-05-15,NUCOURT,OK,False,Oeufs=16€+Asperges=8€+Porte Clés=2€+Livre=1€,Oeufs=16€+Asperges=8€+Porte Clés=2€+Livre=1€,
1380,2018-04-08,NUCOURT,OK,False,cartes Postales=5€+assiettes Gien=2€+îles=2€,cartes Postales=5€+assiettes Gien=2€+îles=2€,
1382,2023-04-10,OINVILLE-SUR-MONTCIENT,OK,False,Une boite fer en métal année 62/70=1€+1 livre ancien 1730=1€+2 Livres Marie claire=2€+1 loupe+Mètre ruban=2€+1 pichet anglais chocolat=10€+un bijou Agatha=2€,Une boite fer en métal année 62/70=1€+1 livre ancien 1730=1€+2 Livres Marie claire=2€+1 loupe+Mètre ruban=2€+1 pichet anglais chocolat=10€+un bijou Agatha=2€,1 item(s) sans prix
1384,2022-04-18,OINVILLE-SUR-MONTCIENT,DOUTEUX,True,1 Plateau V&B  3€ + 1 poupee Bella   3 € + un casse noix   1 € + pochette plastique   0 5 € + 4 bobines fil soie   0 40 ct,1 Plateau V&B=3€+1 poupee Bella=3€+un casse noix=1€+pochette plastique=1€+4 bobines fil soie 0 40 ct,decimale '0 5 €' -> 1€ (arrondi sup.) ; 1 item(s) sans prix
1386,2017-06-24,OISSEL,OK,False,Balai Vileda professional=20€+Livres Pop up=2€,Balai Vileda professional=20€+Livres Pop up=2€,
1387,2013-06-15,OISSEL,DOUTEUX,True,2 tupperware (dont 1 quick chef)10€  1 bijou agatha 1€ des noix 4€ et 2 accroches rideaux en laiton 1 50 €,2 tupperware (dont 1 quick chef)=10€+1 bijou agatha=1€+des noix=4€+et 2 accroches rideaux en laiton=2€,decimale '1 50 €' -> 2€ (arrondi sup.)
1388,2014-06-14,OISSEL,OK,False,bijoux=2€+2 hauts=2€+2 tasses the porcelaine a=4€,bijoux=2€+2 hauts=2€+2 tasses the porcelaine a=4€,
1389,2014-06-14,OISSEL,OK,False,Livres ecole=2€+vieuxlivres=2€,Livres ecole=2€+vieuxlivres=2€,
1391,2017-06-24,OISSEL,OK,False,1 sac=9€,1 sac=9€,
1392,2013-06-15,OISSEL,OK,False,blouson cuir=40€+gravure decaris=3€+jetons ancien bistrot=2€+valise cuir=3€+reveil=3€+livre plantes=2€+livres divers=2€,blouson cuir=40€+gravure decaris=3€+jetons ancien bistrot=2€+valise cuir=3€+reveil=3€+livre plantes=2€+livres divers=2€,
1394,2023-10-15,OMERVILLE,DOUTEUX,True,Lot de 4 paques enveloppes  Dhl   4 &+Mouchoir ancien  3 + pelotte laine  0 50,Lot de 4 paques enveloppes Dhl 4 &+Mouchoir ancien=3€+pelotte laine=1€,prix nu '3' -> 3€ ; prix nu '0 50' -> 1€ ; decimale -> 1€ (arrondi sup.) ; 1 item(s) sans prix
1399,2016-03-13,ORMESSON-SUR-MARNE,OK,False,cuisine BD lenôtre=1€+guitare japonaise=10€+marrons chauds''=3€,cuisine BD lenôtre=1€+guitare japonaise=10€+marrons chauds''=3€,
1400,2016-10-02,OSNY,OK,False,produit hygiene que j achete habituellement=7€,produit hygiene que j achete habituellement=7€,
1401,2015-06-08,OSNY,OK,False,partitions=20€+livres=1€,partitions=20€+livres=1€,
1402,2013-06-09,OSNY,OK,False,de livres d école=5€,de livres d école=5€,
1403,2013-06-16,OSNY,OK,False,Bottes pour=5€,Bottes pour=5€,
1404,2016-10-02,OSNY,OK,False,Livres cuisine=3€+plats creil montereau=4€,Livres cuisine=3€+plats creil montereau=4€,
1405,2015-06-08,OSNY,OK,False,1theiere VB=1€+Ustensibles cuisine=2€,1theiere VB=1€+Ustensibles cuisine=2€,
1407,2013-05-01,OZOIR-LA-FERRIERE,OK,False,laguiole=8€+Livre delbard=8€+PLM=3€+livres divers=10€,laguiole=8€+Livre delbard=8€+PLM=3€+livres divers=10€,
1408,2018-05-01,OZOIR-LA-FERRIERE,OK,False,linguistique=2€+1 ouvre champagne mercier=1€+missel -images=1€,linguistique=2€+1 ouvre champagne mercier=1€+missel -images=1€,
1409,2018-05-01,OZOIR-LA-FERRIERE,OK,False,lot Plaques de boutons=10€+ramequin le creuset=2€+savon roger gallet=3€,lot Plaques de boutons=10€+ramequin le creuset=2€+savon roger gallet=3€,
1410,2014-05-01,OZOIR-LA-FERRIERE,OK,False,livres prestidigitation=2€+cocotte le creuset=2€+livre cuisine tours de mains=2€,livres prestidigitation=2€+cocotte le creuset=2€+livre cuisine tours de mains=2€,
1411,2014-05-01,OZOIR-LA-FERRIERE,OK,False,Trouvé 2 livres pour 2 eu(contes du lundi et Oscar Wilde) 1 paire de chaussures Bocage (=9€+) 1 jeu teletop (=1€+) lampe Berger=3€+bijou=3€+3 tee shirts paulH=3€,Trouvé 2 livres pour 2 eu(contes du lundi et Oscar Wilde) 1 paire de chaussures Bocage (=9€+) 1 jeu teletop (=1€+) lampe Berger=3€+bijou=3€+3 tee shirts paulH=3€,
1419,2013-11-10,PANTIN,OK,False,boules=5€+regles à calcul pour anniversaire Yannick=3€+de livres sur le zen=10€+jouets dinette=2€+casque bayard=2€+echecs=2€+livres=3€,boules=5€+regles à calcul pour anniversaire Yannick=3€+de livres sur le zen=10€+jouets dinette=2€+casque bayard=2€+echecs=2€+livres=3€,
1422,2014-11-11,PARMAIN,DOUTEUX,True,villeroy et boch 40 €+2€+Cpupe couture 5€+alphabet 3€+livres 5€,villeroy et boch=40€+?=2€+Cpupe couture=5€+alphabet=3€+livres=5€,description vide
1423,2014-11-11,PARMAIN,OK,False,1 robe marks spencer=2€+1 livre train vapeur (jeté)=2€,1 robe marks spencer=2€+1 livre train vapeur (jeté)=2€,
1424,2013-11-11,PARMAIN,OK,False,bonnot mao=2€+legumes=37€,bonnot mao=2€+legumes=37€,
1430,2019-06-23,PERDREAUVILLE,OK,False,echecs Asterix=8€+Boites Porte-clés=10€+Boites=2€+Lancel=5€+Plat poissonV&B=1€,echecs Asterix=8€+Boites Porte-clés=10€+Boites=2€+Lancel=5€+Plat poissonV&B=1€,
1432,2019-04-14,PERIGNY,OK,False,11 x Le creuset fonte=25€+Fer forgé Cheminée=5€+petites Brocante=12€+Bols Elf=4€,11 x Le creuset fonte=25€+Fer forgé Cheminée=5€+petites Brocante=12€+Bols Elf=4€,
1435,2019-05-04,PESSAC,OK,False,Assiettes=3€+médailles=2€+Porte clés=3€+scoubidou=1€+album=1€+jpurnaux=1€+livre légion=2€,Assiettes=3€+médailles=2€+Porte clés=3€+scoubidou=1€+album=1€+jpurnaux=1€+livre légion=2€,
1436,2021-08-15,PEYRAT-LA-NONIÈRE,OK,False,Sylvain et Sylvette=8€,Sylvain et Sylvette=8€,
1437,2023-04-02,PIERRELAYE,OK,False,Machine à café=40€+Canon=30€+Boutons=20€+Cinemascope=10€+Thuries=6€+Mendes=6€+PC=5€+vaisselle=1€,Machine à café=40€+Canon=30€+Boutons=20€+Cinemascope=10€+Thuries=6€+Mendes=6€+PC=5€+vaisselle=1€,
1440,2016-04-03,PIERRELAYE,DOUTEUX,True,1 ensemble tailleur 123+1 pantalon=7€+4 assiettes VB acapulco=1€,1 ensemble tailleur=123€+1 pantalon=7€+4 assiettes VB acapulco=1€,prix nu '123' -> 123€ ; nombre isole dans la description : items possiblement fusionnes
1441,2023-04-02,PIERRELAYE,OK,False,1 Livre thermomix=1€+Divers livres avec Paul=6€+1 pot tupperware=1€+fil couture+2 Cm=3€+Theiere jaune vintage=1€,1 Livre thermomix=1€+Divers livres avec Paul=6€+1 pot tupperware=1€+fil couture+2 Cm=3€+Theiere jaune vintage=1€,1 item(s) sans prix
1442,2013-04-07,PIERRELAYE,OK,False,Montmarte abîmé=10€+2 chaise=10€+1 boite=5€+livres anciens=15€+viel album timbre=3€+échecs=9€+poker=8€,Montmarte abîmé=10€+2 chaise=10€+1 boite=5€+livres anciens=15€+viel album timbre=3€+échecs=9€+poker=8€,
1443,2016-04-03,PIERRELAYE,OK,False,Chansons pour les petis de Effel=1€,Chansons pour les petis de Effel=1€,
1444,2018-04-01,PIERRELAYE,OK,False,1 tableau=2€+1 plat=1€+cendrier=1€,1 tableau=2€+1 plat=1€+cendrier=1€,
1445,2019-04-07,PIERRELAYE,OK,False,Casserole Le creuset=8€+Porte clé Marine=1€+Coctte Le Creuser=2€+Pot=2€+Livres=6€+Portte clés=5€+bnbonnière V&B=1€+Petits chevaux=1€,Casserole Le creuset=8€+Porte clé Marine=1€+Coctte Le Creuser=2€+Pot=2€+Livres=6€+Portte clés=5€+bnbonnière V&B=1€+Petits chevaux=1€,
1446,2018-04-01,PIERRELAYE,OK,False,Dinette melita=3€+assiette VB=5€,Dinette melita=3€+assiette VB=5€,
1449,2011-08-21,PITRES,MANUEL,False,Facile de se garer car pu de visiteurs,Facile de se garer car pu de visiteurs,aucun prix exploitable dans l'entree
1450,2018-05-07,POINCY,OK,False,8 terrines le creuset=5€+1 livre ancien cartes guerre=2€+2 draps en fil de lin=10€,8 terrines le creuset=5€+1 livre ancien cartes guerre=2€+2 draps en fil de lin=10€,
1452,2023-05-13,POISSY,OK,False,poster=1€+Carafe=2€+Tasse Limoges=4€+pleiade=1€+disques=6€+plateau fromage=3€+café=1€,poster=1€+Carafe=2€+Tasse Limoges=4€+pleiade=1€+disques=6€+plateau fromage=3€+café=1€,
1453,2023-05-13,POISSY,DOUTEUX,True,Puzzles et Cubes anciens=5+Porte Clés=1+cendrier Bidon=1+obus=2+Gâteaux=10+ souris MAC=7 + boite metal = 3 + Baigneur Raynal =1 5 +Boutons anciens =8  + Carafe V&B =5,Puzzles et Cubes anciens=5€+Porte Clés=1€+cendrier Bidon=1€+obus=2€+Gâteaux=10€+souris MAC=7€+boite metal=3€+Baigneur Raynal=2€+Boutons anciens=8€+Carafe V&B=5€,decimale 'Baigneur Raynal =1 5' -> 2€ (arrondi sup.)
1455,2017-09-30,POISSY,DOUTEUX,True,2 boites livres  2 € - 2 colliers  1 5 - 2 cadres ovales  5 € -chemisier  1 € eau de toilette  2 € - pansement  2€ - 1 boite poudre chanel  3 € - Parking  2 € - 2 café   2 5€,2 boites livres=2€+2 colliers=2€+2 cadres ovales=5€+chemisier=1€+eau de toilette=2€+pansement=2€+1 boite poudre chanel=3€+Parking=2€+2 café=3€,prix nu '1 5' -> 2€ ; decimale -> 2€ (arrondi sup.) ; nombre isole dans la description : items possiblement fusionnes ; decimale '2 5€' -> 3€ (arrondi sup.)
1457,2016-05-07,POISSY,OK,False,Le Creuset=5€,Le Creuset=5€,
1458,2021-09-25,POISSY,OK,False,Boîtes à biscuits dont 2 à musique=6€+Bijou=5€+Parfum dintérieur V&B=2€+TEMPOR pour appareil photo)=2€,Boîtes à biscuits dont 2 à musique=6€+Bijou=5€+Parfum dintérieur V&B=2€+TEMPOR pour appareil photo)=2€,
1459,2015-05-09,POISSY,OK,False,lgregoire et la fontaine=10€+guide bleu litteraire=3€+echecs=2€+mouchoirs ancines=8€+plat villeroy=5€+bouvard=1€+tel ancien ferrari=4€+livre ancien bel reliure=5€,lgregoire et la fontaine=10€+guide bleu litteraire=3€+echecs=2€+mouchoirs ancines=8€+plat villeroy=5€+bouvard=1€+tel ancien ferrari=4€+livre ancien bel reliure=5€,
1462,2015-05-09,POISSY,DOUTEUX,True,8€ bonnot flaubert- planche a dessin  3 €- teeshirt PM  5€- 1portemonnaie filet  2€,bonnot flaubert- planche a dessin=8€+?=3€+teeshirt PM=5€+1portemonnaie filet=2€,description vide
1468,2023-03-12,PONTOISE,OK,False,ruban pour Francine=3€,ruban pour Francine=3€,
1469,2020-03-01,PONTOISE,OK,False,carte=2€+carnet bal=3€+Livre botanique=2€+sac provision=5€+tableau email cheval=10€+divers=2€,carte=2€+carnet bal=3€+Livre botanique=2€+sac provision=5€+tableau email cheval=10€+divers=2€,
1470,2022-10-30,PONTOISE,DOUTEUX,True,Porte cles 2+Cp 3,Porte cles=2€+Cp=3€,prix nu '2' -> 2€ ; prix nu '3' -> 3€
1471,2015-03-08,PONTOISE,OK,False,decalco=2€+Cévennes=2€+jeu de cartes=2€+le creuset=2€+budo=1€+SOA=1€,decalco=2€+Cévennes=2€+jeu de cartes=2€+le creuset=2€+budo=1€+SOA=1€,
1472,2016-02-07,PONTOISE,OK,False,Tasses Villeroy Paris & Londres neuves=15€+SLC=1€+Plat Villeroy=1€,Tasses Villeroy Paris & Londres neuves=15€+SLC=1€+Plat Villeroy=1€,
1473,2020-03-01,PONTOISE,OK,False,Album photo=8€+cuillere doseur=2€+panier osier=2€,Album photo=8€+cuillere doseur=2€+panier osier=2€,
1474,2015-03-08,PONTOISE,OK,False,Compactor=1€+(au lieu de )=30€+livre taureau=1€+robe=2€+chaussures=2€+album photo=1€+Yves rocher=1€+plumier et livre couture=2€,Compactor=1€+(au lieu de )=30€+livre taureau=1€+robe=2€+chaussures=2€+album photo=1€+Yves rocher=1€+plumier et livre couture=2€,
1476,2014-11-02,PONTOISE,OK,False,4 Cahiers=2€+stylo=2€+1 livre Kdo noel=1€+chaussure Charles jourdan=4€,4 Cahiers=2€+stylo=2€+1 livre Kdo noel=1€+chaussure Charles jourdan=4€,
1478,2014-01-26,PONTOISE,OK,False,couteaux laguiole=3€+pique olives=3€+livres aikido=3€+tarot=1€+tirelire=2€+jeu flechettes=2€+plat=1€+pistolet eau=1€,couteaux laguiole=3€+pique olives=3€+livres aikido=3€+tarot=1€+tirelire=2€+jeu flechettes=2€+plat=1€+pistolet eau=1€,
1479,2022-10-30,PONTOISE,DOUTEUX,True,chope ecossaise  1  + assiette a bouillie anglaise   1 + bague ambre  2,chope ecossaise=1€+assiette a bouillie anglaise=1€+bague ambre=2€,prix nu '1' -> 1€ ; prix nu '1' -> 1€ ; prix nu '2' -> 2€
1480,2019-02-24,PONTOISE,OK,False,Palme=2€,Palme=2€,
1482,2022-07-03,PONTOISE,OK,False,Boutons=1€+tissus=2€+Porte cles=1€,Boutons=1€+tissus=2€+Porte cles=1€,
1483,2016-06-11,PONTOISE,OK,False,Tintin Soviets=2€+Beurrier Henriot=1€+Rahan=1€,Tintin Soviets=2€+Beurrier Henriot=1€+Rahan=1€,
1485,2013-06-09,PONTOISE,OK,False,Garage shell=5€+malle dame=2€+livre ecole=1€,Garage shell=5€+malle dame=2€+livre ecole=1€,
1486,2016-06-13,PONTOISE,OK,False,1 jeu de lampes=1€+1 robe G darel=5€+1 veste G Darel=2€,1 jeu de lampes=1€+1 robe G darel=5€+1 veste G Darel=2€,
1488,2021-10-18,PONTOISE,DOUTEUX,True,2 photos anciennes  0 50 € +tablier cuisine  1€ +3 affiches  6€ +3 collier  6€,2 photos anciennes=1€+tablier cuisine=1€+3 affiches=6€+3 collier=6€,decimale '0 50 €' -> 1€ (arrondi sup.)
1491,2023-10-15,PONTOISE,MANUEL,False,rien acheté,rien acheté,aucun prix exploitable dans l'entree
1494,2017-03-05,PONTOISE,OK,False,Guitare=3€+boite outil=3€+deco cuisine=5€+creme nuxe=5€+PESE OEUF=2€,Guitare=3€+boite outil=3€+deco cuisine=5€+creme nuxe=5€+PESE OEUF=2€,
1496,2013-05-26,PONTOISE,OK,False,gravures schem=5€+Judo=3€,gravures schem=5€+Judo=3€,
1499,2019-06-16,PONTOISE,DOUTEUX,True,Lot de porte-clé   2€ + lot de livres patissier et boulanger   7€ + porte-cle diverses  2€ - livre le fusil  0 50€ - 2 boites bois   3€ - 1 nappe a carreaux rouges  1€ - 1 porte manteau pour objet  1€ -,Lot de porte-clé=2€+lot de livres patissier et boulanger=7€+porte-cle diverses=2€+livre le fusil=1€+2 boites bois=3€+1 nappe a carreaux rouges=1€+1 porte manteau pour objet=1€,decimale '0 50€' -> 1€ (arrondi sup.)
1500,2019-06-16,PONTOISE,OK,False,Boites d atelier=15€+Porte clé Maroc=6€+Porte clés=3€,Boites d atelier=15€+Porte clé Maroc=6€+Porte clés=3€,
1501,2014-11-02,PONTOISE,OK,False,livre ancien images epinal.6€ guitare ikea.10€ outils anciens=6€+dînette des années 70=4€+boites=3€+livres=3€+vieille camionnette=1€,livre ancien images epinal.6€ guitare ikea.10€ outils anciens=6€+dînette des années 70=4€+boites=3€+livres=3€+vieille camionnette=1€,
1503,2023-03-12,PONTOISE,OK,False,2 tasses& sstasse V&B=3€,2 tasses& sstasse V&B=3€,
1504,2022-07-03,PONTOISE,OK,False,Poupée=30€+poupér Gégé=5€+Livres=5€+Porte clés=1€+Plumes=2€,Poupée=30€+poupér Gégé=5€+Livres=5€+Porte clés=1€+Plumes=2€,
1506,2010-02-07,PONTOISE,MANUEL,False,e,e,aucun prix exploitable dans l'entree
1510,2014-05-25,PONTOISE,OK,False,1 jean=2€+et 1 bonnot=3€,1 jean=2€+et 1 bonnot=3€,
1518,2015-06-14,PONTOISE,OK,False,noel francine=27€+tournesol=3€+livres=5€+villeroy=15€+partitions=3€+voitures=4€+assiettes faizant=4€+livres=3€+3.5 pizza (bof),noel francine=27€+tournesol=3€+livres=5€+villeroy=15€+partitions=3€+voitures=4€+assiettes faizant=4€+livres=3€+3.5 pizza (bof),1 item(s) sans prix
1521,2021-08-29,PONTPOINT,OK,False,Assiette tour de France=5€+soucoupes=2€,Assiette tour de France=5€+soucoupes=2€,
1523,2016-08-28,PONTPOINT,DOUTEUX,True,rhubarbe 4+1 Short=1€+1 Livre japon erotique 0 50,rhubarbe=4€+1 Short=1€+1 Livre japon erotique=1€,prix nu '4' -> 4€ ; prix nu '0 50' -> 1€ ; decimale -> 1€ (arrondi sup.) ; nombre isole dans la description : items possiblement fusionnes
1524,2016-08-28,PONTPOINT,OK,False,Tasses VB acapulco=7€,Tasses VB acapulco=7€,
1525,2021-08-29,PONTPOINT,OK,False,coupons tissus=5€+livre cuisine=2€,coupons tissus=5€+livre cuisine=2€,
1527,2022-08-21,PORTBAIL,OK,False,1 Lagarde & Michard=2€+2 lavettes=1€,1 Lagarde & Michard=2€+2 lavettes=1€,
1529,2022-08-21,PORTBAIL,OK,False,Livres Anciens=9€+Livres=2€+PC=2€,Livres Anciens=9€+Livres=2€+PC=2€,
1530,2018-07-21,PORTBAIL,OK,False,Livres=3€,Livres=3€,
1533,2019-09-29,PRESLES,OK,False,Guitare=40€+Gramophone=55€+range chaussure=3€+Valises=8€+porte clé=2€+assiettes st clément=3€,Guitare=40€+Gramophone=55€+range chaussure=3€+Valises=8€+porte clé=2€+assiettes st clément=3€,
1534,2018-09-30,PRESLES,DOUTEUX,True,livre Cartier   2€ + 6 torchons et drap lin  6 50 € + 3 taies lin   3 € +1 cocotte jaune le creuset   2 € +2 cadres en verres années 50   3 € + Porte cles   3€ 1 livre école dessin  1 €,livre Cartier=2€+6 torchons et drap lin=7€+3 taies lin=3€+1 cocotte jaune le creuset=2€+2 cadres en verres années 50=3€+Porte cles=3€+1 livre école dessin=1€,decimale '6 50 €' -> 7€ (arrondi sup.)
1536,2019-04-27,PREUILLY-SUR-CLAISE,OK,False,Livres=20€+Porte clés=5€+lego=1€,Livres=20€+Porte clés=5€+lego=1€,
1537,2019-05-08,PUGNAC,OK,False,Porte clés=12€+theiere=5€+livre=1€,Porte clés=12€+theiere=5€+livre=1€,
1538,2018-04-08,PUISEUX-PONTOISE,OK,False,Main a dessin=2€+lampe Berger verre=1€,Main a dessin=2€+lampe Berger verre=1€,
1539,2023-04-02,PUISEUX-PONTOISE,DOUTEUX,True,5 livres Lagarde & Michard 10+2 livres spirou=2€+1 livre judo=1€,5 livres Lagarde & Michard=10€+2 livres spirou=2€+1 livre judo=1€,prix nu '10' -> 10€ ; nombre isole dans la description : items possiblement fusionnes
1540,2017-04-09,PUISEUX-PONTOISE,OK,False,Lampes tempêtes=2€+cadres=3€+veste=2€+bijoux (colliers et paires de BO)=20€,Lampes tempêtes=2€+cadres=3€+veste=2€+bijoux (colliers et paires de BO)=20€,
1541,2018-04-08,PUISEUX-PONTOISE,DOUTEUX,True,Piles  6€+Live 0 50€,Piles=6€+Live=1€,decimale '0 50€' -> 1€ (arrondi sup.)
1542,2017-04-09,PUISEUX-PONTOISE,OK,False,Cocotte=5€+Tasses VB=6€+Lampe ancienne en verre=6€+boite medicament=1€+poupee corolle=7€+Boite metal=1€,Cocotte=5€+Tasses VB=6€+Lampe ancienne en verre=6€+boite medicament=1€+poupee corolle=7€+Boite metal=1€,
1544,2020-09-20,RAMBOUILLET,MANUEL,False,dans le parc de lhippodrome. Circulation des voitures mal organisés  car pas de sens prévu ...Brocante niveau + en terme de qualité produit mais bcp de vetements   mais rien trouvé dintéressant,dans le parc de lhippodrome. Circulation des voitures mal organisés  car pas de sens prévu ...Brocante niveau + en terme de qualité produit mais bcp de vetements   mais rien trouvé dintéressant,aucun prix exploitable dans l'entree
1545,2019-08-04,RAVENOVILLE,OK,False,Livres messe avec images=5€+porte lettres 70 s=1€+Porte clés=1€+livres=4€+Oeufs=6€,Livres messe avec images=5€+porte lettres 70 s=1€+Porte clés=1€+livres=4€+Oeufs=6€,
1546,2018-08-05,RAVENOVILLE,OK,False,Haricots Verts+Courgettes=13€+Sandwich=3€+Livre revolution=2€+Livre parler normand=5€+Verres=5€+Couverts=8€+Torchons anciens=15€+serviettes anciennes=10€,Haricots Verts+Courgettes=13€+Sandwich=3€+Livre revolution=2€+Livre parler normand=5€+Verres=5€+Couverts=8€+Torchons anciens=15€+serviettes anciennes=10€,1 item(s) sans prix
1547,2018-08-05,RAVENOVILLE,DOUTEUX,True,Lot boucles oreilles 2 5€+Vêtements FRA 6€+Mephisto 20€,Lot boucles oreilles=3€+Vêtements FRA=6€+Mephisto=20€,decimale '2 5€' -> 3€ (arrondi sup.)
1549,2022-08-15,REGNEVILLE-SUR-MER,OK,False,achéte echantillons beaux tissus=5€,achéte echantillons beaux tissus=5€,
1551,2011-03-19,RIS-ORANGIS,MANUEL,False,https //docs.google.com/leaf?id=0B97L9kDQHDbuYzkwY2Q0MTAtMTFiNC00ZDU4LTk4NWQtYTAxNTliZmU2MDc3&hl=fr,https //docs.google.com/leaf?id=0B97L9kDQHDbuYzkwY2Q0MTAtMTFiNC00ZDU4LTk4NWQtYTAxNTliZmU2MDc3&hl=fr,aucun prix exploitable dans l'entree
1557,2014-12-07,RUNGIS,OK,False,dinette ancienne=10€+echecs=10€+lenotre=1€+comtesse segur=2€+porte serviettes=3€,dinette ancienne=10€+echecs=10€+lenotre=1€+comtesse segur=2€+porte serviettes=3€,
1560,2015-12-06,RUNGIS,OK,False,Livres anciens=45€+Presse orange=3€,Livres anciens=45€+Presse orange=3€,
1561,2015-12-06,RUNGIS,OK,False,protege cahier=3€+veste daim=4€+cintres=1€+tupperware=1€+pomo moi+clementine=10€,protege cahier=3€+veste daim=4€+cintres=1€+tupperware=1€+pomo moi+clementine=10€,1 item(s) sans prix
1563,2011-04-10,SAGY,MANUEL,False,https //docs.google.com/leaf?id=0B97L9kDQHDbuMzM4MGI4YzktZTdlYS00YWM0LTg2Y2EtY2E4MDNmNDA4NDhh&hl=fr,https //docs.google.com/leaf?id=0B97L9kDQHDbuMzM4MGI4YzktZTdlYS00YWM0LTg2Y2EtY2E4MDNmNDA4NDhh&hl=fr,aucun prix exploitable dans l'entree
1566,2023-04-16,SAGY,OK,False,chants nationaux=5€+plat quimper=2€+mickey=1€,chants nationaux=5€+plat quimper=2€+mickey=1€,
1568,2023-11-26,SAINT-BRICE-SOUS-FORÊT,MANUEL,False,Rien acheté,Rien acheté,aucun prix exploitable dans l'entree
1570,2022-05-26,SAINT-LEU-LA-FORÊT,OK,False,Livre=3€+couteaux=3€+boutons=2€,Livre=3€+couteaux=3€+boutons=2€,
1571,2022-11-20,SAINT-OUEN-L'AUMÔNE,DOUTEUX,True,cartes 7 familles 4+ Guide huile Panhard 1+belle boite de boutons anciens 5,cartes 7 familles=4€+Guide huile Panhard=1€+belle boite de boutons anciens=5€,prix nu '4' -> 4€ ; nombre isole dans la description : items possiblement fusionnes ; prix nu '1' -> 1€ ; prix nu '5' -> 5€
1572,2022-11-20,SAINT-OUEN-L'AUMÔNE,MANUEL,False,Rien achete,Rien achete,aucun prix exploitable dans l'entree
1573,2018-10-20,SAINT-AUGUSTIN,DOUTEUX,True,Anciennes plumes 10€+Porte clés 12€+Bon points 2€+Livres école 4€+Coings 2€+Sandwiches+7€+Masques2€+Choppes 4€+CP 5€+Pins 1€+Livres 4€+Boite 1€+boite à outils 5€+Livre  cuisine 2€,Anciennes plumes=10€+Porte clés=12€+Bon points=2€+Livres école=4€+Coings=2€+Sandwiches+?=7€+Masques=2€+Choppes=4€+CP=5€+Pins=1€+Livres=4€+Boite=1€+boite à outils=5€+Livre cuisine=2€,description vide ; 1 item(s) sans prix
1575,2017-06-25,SAINT-BRICE-SOUS-FORÊT,OK,False,3 beaux plats Le creuset (jamais utilisés) et Soupière Villeroy=11€+couteau=1€,3 beaux plats Le creuset (jamais utilisés) et Soupière Villeroy=11€+couteau=1€,
1576,2017-12-03,SAINT-BRICE-SOUS-FORÊT,OK,False,produit Hygiène=6€+(gain )=25€,produit Hygiène=6€+(gain )=25€,
1577,2015-02-15,SAINT-BRICE-SOUS-FORÊT,OK,False,cartes=2€+piles=2€+livres colette=20€+livres maths=4€,cartes=2€+piles=2€+livres colette=20€+livres maths=4€,
1578,2011-05-08,SAINT-BRICE-SOUS-FORÊT,MANUEL,False,https //docs.google.com/leaf?id=0B97L9kDQHDbuY2Y2ZTY3Y2QtZTg0Yy00NTMzLTlmZjMtZGJhNjkzMzY2Yjdj&hl=fr,https //docs.google.com/leaf?id=0B97L9kDQHDbuY2Y2ZTY3Y2QtZTg0Yy00NTMzLTlmZjMtZGJhNjkzMzY2Yjdj&hl=fr,aucun prix exploitable dans l'entree
1580,2009-06-28,SAINT-BRICE-SOUS-FORÊT,MANUEL,False,brocante en debut de cote,brocante en debut de cote,aucun prix exploitable dans l'entree
1581,2017-06-25,SAINT-BRICE-SOUS-FORÊT,OK,False,Lots de 10 damarts neufs+1 combinaison=40€+(a noter qu 1 damart de cette qualite vaut minimum )=30€+ko foulard soie et cachemire+lot de 4 slip sloggy+4 slips cotons neufs=15€+(slip slloggi = )=43€+lot de cadres=30€+2 cloches anciennes=10€+lot,Lots de 10 damarts neufs+1 combinaison=40€+(a noter qu 1 damart de cette qualite vaut minimum )=30€+ko foulard soie et cachemire+lot de 4 slip sloggy+4 slips cotons neufs=15€+(slip slloggi = )=43€+lot de cadres=30€+2 cloches anciennes=10€+lot,4 item(s) sans prix
1583,2013-12-07,SAINT-BRICE-SOUS-FORÊT,OK,False,ecole Hansi=10€+Loto ancien=5€,ecole Hansi=10€+Loto ancien=5€,
1587,2023-09-03,SAINT-CLAIR-SUR-EPTE,OK,False,Poupée=25€+Ferrari=5€+Vase=3€+peches=3€,Poupée=25€+Ferrari=5€+Vase=3€+peches=3€,
1588,2013-03-23,SAINT-CLOUD,MANUEL,False,déjà dur pour se garer. le déballage commençait déjà beaucoup de monde. qualité en baisse.,déjà dur pour se garer. le déballage commençait déjà beaucoup de monde. qualité en baisse.,aucun prix exploitable dans l'entree
1589,2015-03-21,SAINT-CLOUD,OK,False,santons=10€+gravures=5€+livre job=5€+gigurine=3€+porte clefs bugatti=1€+oiseaux de michelet=1€+villeroy=2€+bracelet=1€+sandwiches=6€,santons=10€+gravures=5€+livre job=5€+gigurine=3€+porte clefs bugatti=1€+oiseaux de michelet=1€+villeroy=2€+bracelet=1€+sandwiches=6€,
1591,2015-03-21,SAINT-CLOUD,DOUTEUX,True,2 robes  5€ - 1 blouson brodé  1 euro -bijoux6€ - 1livre jeté 0 5€ verre cristal d arques  8€,2 robes=5€+1 blouson brodé=1€+bijoux=6€+1livre jeté=1€+verre cristal d arques=8€,decimale '0 5€' -> 1€ (arrondi sup.)
1592,2011-03-26,SAINT-CLOUD,MANUEL,False,https //docs.google.com/leaf?id=0B97L9kDQHDbuYjE3MjdmNWMtMTg4OS00YmI5LWE4OWEtNzkxNTQ2ZGRmODc5&hl=fr,https //docs.google.com/leaf?id=0B97L9kDQHDbuYjE3MjdmNWMtMTg4OS00YmI5LWE4OWEtNzkxNTQ2ZGRmODc5&hl=fr,aucun prix exploitable dans l'entree
1595,2013-09-15,SAINT-DENIS-LE-FERMENT,OK,False,oeufs=5€+haricots+prunes=5€+valise=3€,oeufs=5€+haricots+prunes=5€+valise=3€,1 item(s) sans prix
1601,2018-06-10,SAINT-FIRMIN-DES-BOIS,OK,False,fromage comté=10€+pain=5€,fromage comté=10€+pain=5€,
1606,2017-07-02,SAINT-JULIEN-DU-SAULT,OK,False,robe=3€+2 bague et 1p de BO=3€,robe=3€+2 bague et 1p de BO=3€,
1607,2017-07-03,SAINT-JULIEN-DU-SAULT,OK,False,Livres=2€,Livres=2€,
1608,2018-05-10,SAINT-LEU-LA-FORÊT,OK,False,gravures 5 sens=10€+livre école=3€+cahier dessin 1950=2€+karaté=1€+assiettes poisson=3€+téléphone ferrari=4€+pléiade=1€,gravures 5 sens=10€+livre école=3€+cahier dessin 1950=2€+karaté=1€+assiettes poisson=3€+téléphone ferrari=4€+pléiade=1€,
1610,2018-05-10,SAINT-LEU-LA-FORÊT,MANUEL,False,rien acheté,rien acheté,aucun prix exploitable dans l'entree
1611,2017-05-25,SAINT-LEU-LA-FORÊT,OK,False,1 lot de 4 petits cadres=2€,1 lot de 4 petits cadres=2€,
1612,2017-05-25,SAINT-LEU-LA-FORÊT,OK,False,14 Cadres=10€+Images anciennes=2€,14 Cadres=10€+Images anciennes=2€,
1620,2016-09-04,SAINT-MARCEL,OK,False,Beurrier=3€+Bellus=1€,Beurrier=3€+Bellus=1€,
1621,2016-09-04,SAINT-MARCEL,MANUEL,False,0,0,aucun prix exploitable dans l'entree
1625,2023-04-23,SAINT-MAUR-DES-FOSSES,OK,False,publicité 4CV=5€,publicité 4CV=5€,
1626,2015-03-22,SAINT-MAXIMIN,MANUEL,False,0.50 les fruits,0.50 les fruits,aucun prix exploitable dans l'entree
1627,2019-05-30,SAINT-MAXIMIN,OK,False,Lot de 16 livres a piece (benjamin rabier etc )=1€,Lot de 16 livres a piece (benjamin rabier etc )=1€,
1629,2019-05-01,SAINT-MEDARD-EN-JALLES,MANUEL,False,rien trouvé,rien trouvé,aucun prix exploitable dans l'entree
1632,2013-09-08,SAINT-OUEN-L'AUMÔNE,OK,False,gaufrier=35€+au lieu de=120€,gaufrier=35€+au lieu de=120€,
1634,2015-09-13,SAINT-OUEN-L'AUMÔNE,OK,False,1 plateau villeroy 0 5-1 range assiette 1- bijou=1€+1pantalon darel=3€+pull et blouson velours=4€+Collant=1€,1 plateau villeroy 0 5-1 range assiette 1- bijou=1€+1pantalon darel=3€+pull et blouson velours=4€+Collant=1€,
1635,2016-09-11,SAINT-OUEN-L'AUMÔNE,OK,False,music=8€+1 collier agatha=2€+veste=3€+1 lot de 4 paires collant=2€,music=8€+1 collier agatha=2€+veste=3€+1 lot de 4 paires collant=2€,
1638,2014-09-14,SAINT-OUEN-L'AUMÔNE,OK,False,livres=17€,livres=17€,
1639,2016-09-11,SAINT-OUEN-L'AUMÔNE,OK,False,Pendule Villeroy=1€+Torchons=2€,Pendule Villeroy=1€+Torchons=2€,
1642,2015-09-13,SAINT-OUEN-L'AUMÔNE,OK,False,theiere GIEN=10€+theiere VB=3€+noix=12€+eau de cologne jasmin=5€+poupée ancienne ds boite en carton=3€+plat creme brulée le creuset=3€+petit plat tarte villeroy=3€,theiere GIEN=10€+theiere VB=3€+noix=12€+eau de cologne jasmin=5€+poupée ancienne ds boite en carton=3€+plat creme brulée le creuset=3€+petit plat tarte villeroy=3€,
1644,2017-08-20,SAINT-PELLERIN,OK,False,Grande Doufeu propre=5€+Tomates=6€+Oeufs=4€,Grande Doufeu propre=5€+Tomates=6€+Oeufs=4€,
1647,2018-08-04,SAINT-PIERRE-EGLISE,OK,False,Cadre photo=1€,Cadre photo=1€,
1654,2022-08-07,SAINT-SAUVEUR-LE-VICOMTE,OK,False,Cahier=1€,Cahier=1€,
1656,2019-05-08,SAINT-SEURIN-DE-CURSAC,OK,False,porte clés=2€,porte clés=2€,
1657,2014-06-15,SAINT-SULPICE-DE-POMMERAY,OK,False,boite=1€,boite=1€,
1658,2014-06-15,SAINT-SULPICE-DE-POMMERAY,DOUTEUX,True,2boites vintages tupperware 3€-1pot henkel 0 20€,2boites vintages tupperware=3€+1pot henkel=1€,decimale '0 20€' -> 1€ (arrondi sup.)
1659,2021-08-14,SAINT-SYLVAIN,OK,False,Cannes Pêche=30€+Blouses=10€,Cannes Pêche=30€+Blouses=10€,
1661,2021-09-04,SAINTE-GENEVIEVE,OK,False,Lot de bd=12€+serviette Tour de France=1€,Lot de bd=12€+serviette Tour de France=1€,
1662,2019-07-27,SAINTE-MARIE-DU-MONT,OK,False,livres=3€+Salades=2€,livres=3€+Salades=2€,
1663,2018-07-28,SAINTE-MARIE-DU-MONT,OK,False,3 draps en lin=30€+taies et Serviettes anciennes=12€+Livres=14€+DRaps cotons=10€+Villeroy=5€+Porte clés=3€+Salade=2€,3 draps en lin=30€+taies et Serviettes anciennes=12€+Livres=14€+DRaps cotons=10€+Villeroy=5€+Porte clés=3€+Salade=2€,
1665,2009-05-08,SANNOIS,MANUEL,False,Faire un bilan de ou se garer,Faire un bilan de ou se garer,aucun prix exploitable dans l'entree
1666,2015-05-08,SANNOIS,OK,False,Verres cristal=4€+vieux villeroy serviice a café=5€,Verres cristal=4€+vieux villeroy serviice a café=5€,
1667,2014-05-08,SANNOIS,OK,False,pour 3 polos petis bateau=5€,pour 3 polos petis bateau=5€,
1670,2016-05-08,SANNOIS,MANUEL,False,il me semble que je n ai rien acheté,il me semble que je n ai rien acheté,aucun prix exploitable dans l'entree
1671,2017-06-18,SANNOIS,DOUTEUX,True,1 cafetière et 2 tasses villeroy+pot a lait et ramequin=5€+1 bijou=1€+creme=2€+1 bracelet faustine 1 5+1 cahier coloriage=1€,1 cafetière et 2 tasses villeroy+pot a lait et ramequin=5€+1 bijou=1€+creme=2€+1 bracelet faustine=2€+1 cahier coloriage=1€,prix nu '1 5' -> 2€ ; decimale -> 2€ (arrondi sup.) ; nombre isole dans la description : items possiblement fusionnes ; 1 item(s) sans prix
1672,2017-06-18,SANNOIS,OK,False,Cartable Cuir=5€+Malette Delsey=5€+Mallette samsonite=3€+Livres=4€+Service poisson Longchamp=5€+Chariot=5€+Bijoux=2€+Sacoche cuir=5€+Sacoche cuir=3€,Cartable Cuir=5€+Malette Delsey=5€+Mallette samsonite=3€+Livres=4€+Service poisson Longchamp=5€+Chariot=5€+Bijoux=2€+Sacoche cuir=5€+Sacoche cuir=3€,
1674,2014-05-08,SANNOIS,OK,False,verres=6€+armes=10€+vieux livres=33€,verres=6€+armes=10€+vieux livres=33€,
1675,2011-05-08,SANNOIS,MANUEL,False,https //docs.google.com/leaf?id=0B97L9kDQHDbuZGU1NmRiZDUtODY0Yi00OWEyLTk3NjctYmM3NTQwZTI0OTZi&hl=fr,https //docs.google.com/leaf?id=0B97L9kDQHDbuZGU1NmRiZDUtODY0Yi00OWEyLTk3NjctYmM3NTQwZTI0OTZi&hl=fr,aucun prix exploitable dans l'entree
1676,2017-10-15,SANNOIS,DOUTEUX,True,1 tasse  0 5€ - 4 pieds de piano  4 € - 1 livre  Peking   7€ - hygiene   20€ - Gros lot dentelles anciennes   10€ - 1 collier  3 €,1 tasse=1€+4 pieds de piano=4€+1 livre Peking=7€+hygiene=20€+Gros lot dentelles anciennes=10€+1 collier=3€,decimale '0 5€' -> 1€ (arrondi sup.)
1677,2015-05-08,SANNOIS,DOUTEUX,True,2€ assiettes villeroy+5€ lithographie Lariviere- 3 BD 1960  2€ 1livre animaux pour images  2 € - 3 colliers  2 €- 1echarpe  1€,assiettes villeroy=2€+lithographie Lariviere- 3 BD=5€+1960 1livre animaux pour images=2€+?=2€+3 colliers=2€+1echarpe=1€,description vide
1679,2016-05-08,SANNOIS,OK,False,Grande Cocotte Le Creuset Orange=8€+Revue auto=2€,Grande Cocotte Le Creuset Orange=8€+Revue auto=2€,
1683,2015-10-25,SARTROUVILLE,OK,False,1 veste=3€+2 livres 2- tomates=5€,1 veste=3€+2 livres 2- tomates=5€,
1684,2015-04-12,SARTROUVILLE,DOUTEUX,True,2€ boites+7€ livres gogol+7€ llivres anciens+10€  cassroles  BEKA+2.5€ sandwich+5€ perso playmobil+2€ desserts bd+3€ jeu defense d afficher+0.5 €lili et toto,boites=2€+livres gogol=7€+llivres anciens=7€+cassroles BEKA=10€+sandwich=3€+perso playmobil=5€+desserts bd=2€+jeu defense d afficher=3€+lili et toto=1€,decimale '2.5€' -> 3€ (arrondi sup.) ; decimale '0.5 €' -> 1€ (arrondi sup.)
1685,2016-03-20,SARTROUVILLE,OK,False,Livres pAtisserie=10€+mallette=2€,Livres pAtisserie=10€+mallette=2€,
1686,2015-04-05,SARTROUVILLE,OK,False,2 fouladrs=1€,2 fouladrs=1€,
1689,2016-03-21,SARTROUVILLE,MANUEL,False,1 paire de ciseaux fiskars cranté,1 paire de ciseaux fiskars cranté,aucun prix exploitable dans l'entree
1690,2013-09-29,SARTROUVILLE,OK,False,bayard=3€+Vian=2€+pôkemon=5€+nourriture=5€,bayard=3€+Vian=2€+pôkemon=5€+nourriture=5€,
1691,2016-04-03,SARTROUVILLE,OK,False,draps=6€+livres=4€+gien tournesol plats Mobil=5€+bonbonniere boch la louviere=1€+guitare=5€,draps=6€+livres=4€+gien tournesol plats Mobil=5€+bonbonniere boch la louviere=1€+guitare=5€,
1693,2017-03-26,SARTROUVILLE,OK,False,MÉTIER dentelle=10€+1 livre modele dentelle=2€+1 livre cuisine Lenotre=1€+1 collier=1€,MÉTIER dentelle=10€+1 livre modele dentelle=2€+1 livre cuisine Lenotre=1€+1 collier=1€,
1695,2014-04-06,SARTROUVILLE,MANUEL,False,trouvé 2 boites verre champagne cristal d Arques a 9e  casseroles Beka10e  livre grand format bonnot  1e  livre electricité avec planchesricité2e  boite a couture bois 2e  livres champignons 8e  bijoux divers  10e dont skalli,trouvé 2 boites verre champagne cristal d Arques a 9e  casseroles Beka10e  livre grand format bonnot  1e  livre electricité avec planchesricité2e  boite a couture bois 2e  livres champignons 8e  bijoux divers  10e dont skalli,aucun prix exploitable dans l'entree
1696,2015-04-12,SARTROUVILLE,DOUTEUX,True,1 veste chinoise reversible 5€- 1jeu de carte 0 10€-5 stylo  2€ - 5 paires collants bourget  1 50(25€) -1veste clem 10€- 1 le creuset doufeu 4€-5tasses  les vieilles dames   3€-2cremes 6€(20€)- 1 bague argent  1€,1 veste chinoise reversible=5€+1jeu de carte=1€+5 stylo=2€+5 paires collants bourget 1 50(=25€+) -1veste clem=10€+1 le creuset doufeu=4€+5tasses les vieilles dames=3€+2cremes=6€+(=20€+)- 1 bague argent=1€,decimale '0 10€' -> 1€ (arrondi sup.)
1698,2016-04-03,SARTROUVILLE,DOUTEUX,True,cocote le creuset=3€+11 assiettes la fontaine=2€+10 verres granités=3€+1 gel main=2€+1 broc Ricard 0 5,cocote le creuset=3€+11 assiettes la fontaine=2€+10 verres granités=3€+1 gel main=2€+1 broc Ricard=1€,prix nu '0 5' -> 1€ ; decimale -> 1€ (arrondi sup.) ; nombre isole dans la description : items possiblement fusionnes
1700,2014-04-06,SARTROUVILLE,OK,False,echecs dal negro=8€+casserole le Creuset=4€+livre=5€+piano=2€+divers=3€+lafonatine=2€,echecs dal negro=8€+casserole le Creuset=4€+livre=5€+piano=2€+divers=3€+lafonatine=2€,
1704,2015-10-25,SARTROUVILLE,OK,False,plat Villeroy=2€+livre villes americaines 1880=1€,plat Villeroy=2€+livre villes americaines 1880=1€,
1706,2011-04-03,SARTROUVILLE,MANUEL,False,https //docs.google.com/leaf?id=0B97L9kDQHDbuNWY1OGFjYTAtZjExMC00M2U3LWFkYjktZTk5NjhiNzBkYTA4&hl=fr,https //docs.google.com/leaf?id=0B97L9kDQHDbuNWY1OGFjYTAtZjExMC00M2U3LWFkYjktZTk5NjhiNzBkYTA4&hl=fr,aucun prix exploitable dans l'entree
1707,2013-10-20,SARTROUVILLE,OK,False,bibles NRF=6€+verres dinettes=2€+paté de lapin à maison lafitte=7€,bibles NRF=6€+verres dinettes=2€+paté de lapin à maison lafitte=7€,
1712,2013-11-16,SARTROUVILLE,OK,False,oignons=12€,oignons=12€,
1714,2015-07-05,SARTROUVILLE,MANUEL,False,rien acheta,rien acheta,aucun prix exploitable dans l'entree
1717,2013-09-15,SERIFONTAINE,OK,False,boites epices=3€+charcutier=1€+bolite=2€,boites epices=3€+charcutier=1€+bolite=2€,
1719,2019-05-30,SEUGY,OK,False,Poupee porcelaine=5€+3 statuettes japonisantes=3€+un cadre photo ancien 1900=3€+livre dessert en image=1€,Poupee porcelaine=5€+3 statuettes japonisantes=3€+un cadre photo ancien 1900=3€+livre dessert en image=1€,
1720,2023-05-18,SEUGY,OK,False,Boite=5€+Hachette=3€,Boite=5€+Hachette=3€,
1726,2015-09-27,TAVERNY,OK,False,partitions guitare=2€+echecs=2€+plat vert pale V&B=2€+livres maison=3€+glaces frigeco=1€,partitions guitare=2€+echecs=2€+plat vert pale V&B=2€+livres maison=3€+glaces frigeco=1€,
1727,2014-09-28,TAVERNY,OK,False,playmobill garage=5€+loto=2€+livre ecole=1€+photo ancienne=1€,playmobill garage=5€+loto=2€+livre ecole=1€+photo ancienne=1€,
1728,2015-09-27,TAVERNY,DOUTEUX,True,silps et collant  5€ - boite orange 1€-pieces echecs  5€- 2raclettes patisserie  2 5€ -2robe 4€-etui guitare   15€- 3cahiers 5€,silps et collant=5€+boite orange=1€+pieces echecs=5€+2raclettes patisserie=3€+2robe=4€+etui guitare=15€+3cahiers=5€,decimale '2 5€' -> 3€ (arrondi sup.)
1729,2013-09-29,TAVERNY,OK,False,trouve POLO et pantalon G darel et pull caroll pour clem=8€+2 polo pour paulhenri=4€+1livre bibendum (pas gardé) un cheval=1€+cavaliere barbie pour noel (faustine)=5€+vieux journaux 50cm collier=2€,trouve POLO et pantalon G darel et pull caroll pour clem=8€+2 polo pour paulhenri=4€+1livre bibendum (pas gardé) un cheval=1€+cavaliere barbie pour noel (faustine)=5€+vieux journaux 50cm collier=2€,
1730,2013-11-11,TAVERNY,OK,False,Mac Douglas=40€,Mac Douglas=40€,
1731,2014-09-28,TAVERNY,OK,False,Robe princesse=1€+playmobil aimenté=2€+produit beaute=10€+2rouge a levres=1€+le creuset doufeu=3€+boite couture=2€+photos anciennes=8€+boite villeroy=1€+elestique=1€,Robe princesse=1€+playmobil aimenté=2€+produit beaute=10€+2rouge a levres=1€+le creuset doufeu=3€+boite couture=2€+photos anciennes=8€+boite villeroy=1€+elestique=1€,
1732,2017-09-24,TAVERNY,OK,False,Quiche=2€+Tableau=1€+Livre=3€+Assiettes=2€+BD=3€,Quiche=2€+Tableau=1€+Livre=3€+Assiettes=2€+BD=3€,
1733,2018-07-01,TESSANCOURT-SUR-AUBETTE,OK,False,Cartes=4€+pochette=1€+livres voiture=2€,Cartes=4€+pochette=1€+livres voiture=2€,
1734,2023-09-03,THEMERICOURT,OK,False,livres=40€+tomates=10€,livres=40€+tomates=10€,
1735,2016-09-04,THEMERICOURT,OK,False,Fromage chevre=14€,Fromage chevre=14€,
1736,2022-09-04,THEMERICOURT,OK,False,Poupée Bella avec tenue princesse=2€+Bouquetiere biniou Auvergne=2€+manteau enfant poupee 1900=5€+2 Vestiaires(patrons) Modes & travaux=5€+Collant DD=2€+Bijou vintage=5€,Poupée Bella avec tenue princesse=2€+Bouquetiere biniou Auvergne=2€+manteau enfant poupee 1900=5€+2 Vestiaires(patrons) Modes & travaux=5€+Collant DD=2€+Bijou vintage=5€,
1737,2016-09-04,THEMERICOURT,OK,False,2 ECharpes=6€,2 ECharpes=6€,
1739,2019-09-01,TIGERY,OK,False,2 Dessus de Lit=10€+5 gants toilette=1€+2 cadres photos=5€+2 livres ecoles menagere=5€+1 livre contes de fées=1€,2 Dessus de Lit=10€+5 gants toilette=1€+2 cadres photos=5€+2 livres ecoles menagere=5€+1 livre contes de fées=1€,
1740,2019-09-01,TIGERY,OK,False,Livres Musiques=30€+3 livres guerre 1870=10€+porte clés=3€,Livres Musiques=30€+3 livres guerre 1870=10€+porte clés=3€,
1741,2018-08-04,TOCQUEVILLE,OK,False,Nappe & 12 serviettes brodées CL=10€+Drap brodé en lin ou métis=5€,Nappe & 12 serviettes brodées CL=10€+Drap brodé en lin ou métis=5€,
1743,2018-07-28,TRIBEHOU,OK,False,Dinette vintage=2€+Repas=15€,Dinette vintage=2€+Repas=15€,
1744,2018-07-28,TRIBEHOU,OK,False,Poupées=7€+Vaisselle=2€+livre=3€+porte cles=5€+Repas=15€,Poupées=7€+Vaisselle=2€+livre=3€+porte cles=5€+Repas=15€,
1745,2022-10-09,TRIE-CHÂTEAU,DOUTEUX,True,Oignons+echalottes+24oeufs=10€+1 boucle channel 0 50+bas nylon 0 5+vetement Barbie=2€,Oignons+echalottes+24oeufs=10€+1 boucle channel=1€+bas nylon=1€+vetement Barbie=2€,prix nu '0 50' -> 1€ ; decimale -> 1€ (arrondi sup.) ; nombre isole dans la description : items possiblement fusionnes ; prix nu '0 5' -> 1€ ; decimale -> 1€ (arrondi sup.) ; 2 item(s) sans prix
1746,2021-10-10,TRIE-CHÂTEAU,OK,False,4 livres Dubout (dont un avec dédicace ) Rabelais Contes drolatiques La Folie=100€+lot sachets zippés=5€+Boucles Oreilles jackie G=1€,4 livres Dubout (dont un avec dédicace ) Rabelais Contes drolatiques La Folie=100€+lot sachets zippés=5€+Boucles Oreilles jackie G=1€,
1747,2017-10-08,TRIE-CHÂTEAU,OK,False,29 La pléiade=75€+Assiettes Modes de Paris=8€+assiettes orangeade=5€+assiette anglaise=1€,29 La pléiade=75€+Assiettes Modes de Paris=8€+assiettes orangeade=5€+assiette anglaise=1€,
1748,2016-10-09,TRIE-CHÂTEAU,OK,False,Potiron=20€+Casseroles Le Creuset=8€+Livres La fontaine=5€+Livres Paris=5€+Couvercle Cocotte doufeu ancienne=2€,Potiron=20€+Casseroles Le Creuset=8€+Livres La fontaine=5€+Livres Paris=5€+Couvercle Cocotte doufeu ancienne=2€,
1749,2018-10-14,TRIE-CHÂTEAU,OK,False,théière chinoise=10€+beau lot porte clés=10€+porte clés au détails=3€+charcuterie=5€+flan & pain=3€+boîte à glissière=2€+plat poisson=2€+Tableau=5€+rideau=3€+Livres école=5€+Livres vacances=2€,théière chinoise=10€+beau lot porte clés=10€+porte clés au détails=3€+charcuterie=5€+flan & pain=3€+boîte à glissière=2€+plat poisson=2€+Tableau=5€+rideau=3€+Livres école=5€+Livres vacances=2€,
1751,2013-10-13,TRIE-CHÂTEAU,OK,False,livre coupe d or 2eur livre ancien apiculture 0 50 bijou ambre 2eur boite bois jeu=4€+le creuset orange=5€+livre chromos=10€+cafetiere dinette=2€+raisin=2€+fond de teint 1 50 livre couture livre cuisine monde tupperw=1€,livre coupe d or 2eur livre ancien apiculture 0 50 bijou ambre 2eur boite bois jeu=4€+le creuset orange=5€+livre chromos=10€+cafetiere dinette=2€+raisin=2€+fond de teint 1 50 livre couture livre cuisine monde tupperw=1€,
1752,2019-10-13,TRIE-CHÂTEAU,OK,False,Livre ancien=2€+Porte clé=5€+Le creuset=2€+Divers=3€+Partitions=3€,Livre ancien=2€+Porte clé=5€+Le creuset=2€+Divers=3€+Partitions=3€,
1754,2017-10-08,TRIE-CHÂTEAU,DOUTEUX,True,1 plat kouglof  1€ - 2 brosses vaisselle  2 € - 1 porte manteau  1 € - vaisselle VB rose  20€ crème de soins   20 € - 2 boites  couteaux laguiole  3 €+café sandwich 4 50€,1 plat kouglof=1€+2 brosses vaisselle=2€+1 porte manteau=1€+vaisselle VB rose=20€+crème de soins=20€+2 boites couteaux laguiole=3€+café sandwich=5€,decimale '4 50€' -> 5€ (arrondi sup.)
1755,2018-10-14,TRIE-CHÂTEAU,DOUTEUX,True,2 Tasses V&B + 1 pot verre henkel   2 5€ +  lot de livres scolaires   20 € + 2 paires BO   1 € + 1 porte cle schumacher  0 5€,2 Tasses V&B+1 pot verre henkel=3€+lot de livres scolaires=20€+2 paires BO=1€+1 porte cle schumacher=1€,decimale '2 5€' -> 3€ (arrondi sup.) ; decimale '0 5€' -> 1€ (arrondi sup.) ; 1 item(s) sans prix
1756,2013-09-21,TRIEL-SUR-SEINE,OK,False,trouve 4 bols 3 eur 2 pantalons=2€+1 jeu de cubes ancien=3€+vetement bebe ancien=2€,trouve 4 bols 3 eur 2 pantalons=2€+1 jeu de cubes ancien=3€+vetement bebe ancien=2€,
1757,2013-09-21,TRIEL-SUR-SEINE,OK,False,pokemon livre cuisine=5€+castor=2€+flan=4€,pokemon livre cuisine=5€+castor=2€+flan=4€,
1760,2015-04-05,US,OK,False,assiettes=20€+service café années 70=8€+jeu d échecs (erreur car manquait les rois)=13€+BD abîmé=2€+sandwiches=5€,assiettes=20€+service café années 70=8€+jeu d échecs (erreur car manquait les rois)=13€+BD abîmé=2€+sandwiches=5€,
1763,2015-04-05,US,DOUTEUX,True,1 chemise S.blanco  1€ 1polo  2€ (pour Paul m)sac a main 3 € 1 blouson 5€ 1pantacourt 1€ - 1plat le creuset 4 € 1 jeu de cartes 0 10€1 pub gaine à 0 50 - 1 foulard soie 1 € - 1 securite pc 1€ - 1 p de BO 1 €,1 chemise S.blanco=1€+1polo=2€+(pour Paul m)sac a main=3€+1 blouson=5€+1pantacourt=1€+1plat le creuset=4€+1 jeu de cartes 1 pub gaine à 0 50=1€+1 foulard soie=1€+1 securite pc=1€+1 p de BO=1€,decimale '0 10€' -> 1€ (arrondi sup.)
1767,2017-09-03,VAIRES-SUR-MARNE,OK,False,Torchons anciens initiales LC=15€+Livre la Fontaine Lemarié=5€+Café=2€+Pizza=17€+Casserole et poele Le Creuset=3€+Porte monnaie de Marque=3€+Bijoux=1€+Cèpes=5€+Serviettes papier=2€+Velours=2€+Bouvard=1€,Torchons anciens initiales LC=15€+Livre la Fontaine Lemarié=5€+Café=2€+Pizza=17€+Casserole et poele Le Creuset=3€+Porte monnaie de Marque=3€+Bijoux=1€+Cèpes=5€+Serviettes papier=2€+Velours=2€+Bouvard=1€,
1769,2019-09-01,VAIRES-SUR-MARNE,OK,False,Restaurant=32€+Porte clés=2€+Gateaux=4€,Restaurant=32€+Porte clés=2€+Gateaux=4€,
1770,2017-09-03,VAIRES-SUR-MARNE,DOUTEUX,True,1 vase  pique fleur de corrèze  2€ -Un poupon ancien  3 € - 1 livre Poulidor   1 € -3 plats ancien  Francine   5€ - 1 valise couteaux Muller  10 € - 1 eau caudalie   1€ - bijoux divers  6 € - Café  1 20 €,1 vase pique fleur de corrèze=2€+Un poupon ancien=3€+1 livre Poulidor=1€+3 plats ancien Francine=5€+1 valise couteaux Muller=10€+1 eau caudalie=1€+bijoux divers=6€+Café=2€,decimale '1 20 €' -> 2€ (arrondi sup.)
1771,2014-06-07,VAL-DE-REUIL,OK,False,oeufs=4€+karatés budo=5€+plat villeroy &boch=5€,oeufs=4€+karatés budo=5€+plat villeroy &boch=5€,
1772,2014-06-07,VAL-DE-REUIL,OK,False,Tampons scolaire=5€,Tampons scolaire=5€,
1773,2017-03-19,VALMONDOIS,OK,False,verres=5€+oeufs=9€+vinaigre=3€+livres=2€,verres=5€+oeufs=9€+vinaigre=3€+livres=2€,
1774,2021-06-19,VALMONDOIS,DOUTEUX,True,18 oeufs  4 5€ - 1 bloc papier   1 €,18 oeufs=5€+1 bloc papier=1€,decimale '4 5€' -> 5€ (arrondi sup.)
1775,2010-03-21,VALMONDOIS,MANUEL,False,Bd de la Gare. Ne pas suivre le panneau valmondois à l arrivée,Bd de la Gare. Ne pas suivre le panneau valmondois à l arrivée,aucun prix exploitable dans l'entree
1776,2017-03-19,VALMONDOIS,OK,False,oeufs=3€+gel douche=8€,oeufs=3€+gel douche=8€,
1777,2015-08-09,VALOGNES,OK,False,bijou=10€+Tupperware=1€+1 poele le creuset=2€,bijou=10€+Tupperware=1€+1 poele le creuset=2€,
1778,2022-08-07,VALOGNES,OK,False,1Coffret de fils brother pour ma brodeuse=35€+(au lieu de )=220€+1 gobelet Christofle à nettoyer ds boite=1€+1 assiette et pichet (jetés)=4€,1Coffret de fils brother pour ma brodeuse=35€+(au lieu de )=220€+1 gobelet Christofle à nettoyer ds boite=1€+1 assiette et pichet (jetés)=4€,
1779,2019-08-04,VALOGNES,OK,False,3 accroches torchons=3€+1 plaque emaillé cocorette=5€+lot livres=2€,3 accroches torchons=3€+1 plaque emaillé cocorette=5€+lot livres=2€,
1780,2022-08-07,VALOGNES,OK,False,Livres=2€,Livres=2€,
1781,2019-08-04,VALOGNES,OK,False,2 oreillers chantal thomass=25€+pichet email=16€+torchons=4€+Sandwich=3€,2 oreillers chantal thomass=25€+pichet email=16€+torchons=4€+Sandwich=3€,
1790,2014-04-27,VAUREAL,MANUEL,False,1 paire de chaussures JB Martin (12eu)   bijou 2 eur,1 paire de chaussures JB Martin (12eu)   bijou 2 eur,aucun prix exploitable dans l'entree
1793,2023-05-14,VAUX-SUR-SEINE,OK,False,1 Rouleau de bande magnétique=1€,1 Rouleau de bande magnétique=1€,
1794,2021-09-19,VAUX-SUR-SEINE,OK,False,CP=10€+bibiche+livres images=15€+torchons=10€+filet oignons=5€,CP=10€+bibiche+livres images=15€+torchons=10€+filet oignons=5€,1 item(s) sans prix
1795,2015-05-01,VAUX-SUR-SEINE,OK,False,1 cocotte le creuset et sa poele (=4€+) 3xconfiture=6€+1chale=1€+1collier agatha=1€,1 cocotte le creuset et sa poele (=4€+) 3xconfiture=6€+1chale=1€+1collier agatha=1€,
1796,2015-05-01,VAUX-SUR-SEINE,OK,False,plat villeroy=5€+livres peche mouche=10€+breakfast anglais=5€+livres=2€,plat villeroy=5€+livres peche mouche=10€+breakfast anglais=5€+livres=2€,
1797,2016-05-01,VAUX-SUR-SEINE,OK,False,torchons=10€+2 plats a tarte villeroy=1€+plat le creuset 1jupe 1=3€,torchons=10€+2 plats a tarte villeroy=1€+plat le creuset 1jupe 1=3€,
1799,2022-05-01,VAUX-SUR-SEINE,OK,False,3 livres Lagarde & Michard=2€+boite et peigne ivoire (?) ancien=2€,3 livres Lagarde & Michard=2€+boite et peigne ivoire (?) ancien=2€,
1801,2018-05-07,VEMARS,OK,False,Fruits=13€+livre lefebvre=1€,Fruits=13€+livre lefebvre=1€,
1806,2023-06-03,VERNEUIL-SUR-SEINE,OK,False,Livre Chansons de mon enfance (jeté)=1€+presentoir collier=3€+lot CP humour=2€,Livre Chansons de mon enfance (jeté)=1€+presentoir collier=3€+lot CP humour=2€,
1807,2023-06-03,VERNEUIL-SUR-SEINE,OK,False,pleiade=5€+bol dor=5€+couvert=5€+reveil bayard=8-dubout=5€+poupee=3€+docteur=2€+agenda docteur=3€,pleiade=5€+bol dor=5€+couvert=5€+reveil bayard=8-dubout=5€+poupee=3€+docteur=2€+agenda docteur=3€,
1808,2015-06-06,VERNEUIL-SUR-SEINE,DOUTEUX,True,Livres Buffon + livre ancien 40€+2€ portepartition+1€ couteau+2€,Livres Buffon+livre ancien=40€+portepartition=2€+couteau=1€+?=2€,description vide ; 1 item(s) sans prix
1809,2013-06-01,VERNEUIL-SUR-SEINE,OK,False,2 robes caroll et mamoukian pour=2€+1 nappe anciene=3€+1jeu TEXAS INSTRUMENT à=1€+1 THEIERE ELEPHANT=1€,2 robes caroll et mamoukian pour=2€+1 nappe anciene=3€+1jeu TEXAS INSTRUMENT à=1€+1 THEIERE ELEPHANT=1€,
1810,2019-06-08,VERNEUIL-SUR-SEINE,OK,False,Plaque Clouet LU calendrier=3€+boite boutons=5€+Loupe=1€+Yaourtiere+pot de rechange=6€+1 echarpe=2€+1 Boite avec fiches (Jetée)=1€,Plaque Clouet LU calendrier=3€+boite boutons=5€+Loupe=1€+Yaourtiere+pot de rechange=6€+1 echarpe=2€+1 Boite avec fiches (Jetée)=1€,1 item(s) sans prix
1811,2015-06-07,VERNEUIL-SUR-SEINE,OK,False,1 jouet a tirer (=2€+1bracelet Ivoire=2€+1veste caroll=2€+1pull=1€+1 pull PH Eden park=2€+1ens robe ete+veste=4€+1paire de chaussures arcus=3€+1grande cocotte coutances=3€+lingette a bijou+brosse=2€,1 jouet a tirer (=2€+1bracelet Ivoire=2€+1veste caroll=2€+1pull=1€+1 pull PH Eden park=2€+1ens robe ete+veste=4€+1paire de chaussures arcus=3€+1grande cocotte coutances=3€+lingette a bijou+brosse=2€,2 item(s) sans prix
1818,2019-06-23,VETHEUIL,OK,False,guitare=20€+Livres=9€+plat ovale=1€+boissons & repas=20€,guitare=20€+Livres=9€+plat ovale=1€+boissons & repas=20€,
1821,2020-08-23,VEXIN-SUR-EPTE,OK,False,Oeufs Mirabelles et Tomates=25€,Oeufs Mirabelles et Tomates=25€,
1822,2020-08-16,VEXIN-SUR-EPTE,OK,False,Oeufs Mirabelles et Tomates=25€,Oeufs Mirabelles et Tomates=25€,
1823,2023-04-10,VIARMES,OK,False,8 Pleiade=30€+Assiettes Loco=10€+Plat Gien=2€+Cubes Ami 6=5€+ancienne boite de Mode=2€,8 Pleiade=30€+Assiettes Loco=10€+Plat Gien=2€+Cubes Ami 6=5€+ancienne boite de Mode=2€,
1824,2019-04-22,VIARMES,OK,False,Union Latine Africaine=40€+Union s latine=15€+prisonnier de guerre=15€+papier bulle=14€+chaussettes=2€+tableau=15€+repas=5€+hitler=5€+ancien cuisine bourgeoise=5€+vie parisienne=10€+coleopteres=3€+guignol band=3€+porte clés=1€+livre cuisine=1€,Union Latine Africaine=40€+Union s latine=15€+prisonnier de guerre=15€+papier bulle=14€+chaussettes=2€+tableau=15€+repas=5€+hitler=5€+ancien cuisine bourgeoise=5€+vie parisienne=10€+coleopteres=3€+guignol band=3€+porte clés=1€+livre cuisine=1€,
1830,2018-07-01,VIARMES,DOUTEUX,True,(très) petit livre ancien  0 50 €,(très) petit livre ancien=1€,decimale '0 50 €' -> 1€ (arrondi sup.)
1831,2011-04-25,VIARMES,MANUEL,False,https //docs.google.com/leaf?id=0B97L9kDQHDbuNTMyYjQyY2YtMTAwNS00Y2U4LTkyZDQtNzRjZGU1MTBiNjJj&hl=fr,https //docs.google.com/leaf?id=0B97L9kDQHDbuNTMyYjQyY2YtMTAwNS00Y2U4LTkyZDQtNzRjZGU1MTBiNjJj&hl=fr,aucun prix exploitable dans l'entree
1835,2011-05-15,VIGNY,MANUEL,False,Grande.,Grande.,aucun prix exploitable dans l'entree
1836,2010-03-07,VILLAINES-SOUS-BOIS,MANUEL,False,egypte+Maurras+album castor,egypte+Maurras+album castor,aucun prix exploitable dans l'entree
1838,2014-03-02,VILLAINES-SOUS-BOIS,MANUEL,False,assiettes+  livre dersserts en BB,assiettes+  livre dersserts en BB,aucun prix exploitable dans l'entree
1845,2021-08-29,VILLENEUVE-SUR-VERBERIE,OK,False,Tapis de sol=2€,Tapis de sol=2€,
1848,2014-11-08,VILLENEUVE-SAINT-GEORGES,OK,False,guitare=20€+assiettes cesset Villeroy & boch=2€+4 dcios allemands 1900 pur=15€+livre de dentelles pour=3€+livres chamigonons=1€,guitare=20€+assiettes cesset Villeroy & boch=2€+4 dcios allemands 1900 pur=15€+livre de dentelles pour=3€+livres chamigonons=1€,
1849,2016-08-28,VILLENEUVE-SUR-VERBERIE,OK,False,Pese Personne=3€+Brosse à Cheveux=2€,Pese Personne=3€+Brosse à Cheveux=2€,
1851,2016-08-28,VILLENEUVE-SUR-VERBERIE,OK,False,3 colliers=5€+1 cuit pomme silicone=2€+1 tupperware a oeuf=2€,3 colliers=5€+1 cuit pomme silicone=2€+1 tupperware a oeuf=2€,
1855,2017-09-10,VILLEPARISIS,DOUTEUX,True,Terrine Le Creuset 0 50€+Almanach des Muses 2€,Terrine Le Creuset=1€+Almanach des Muses=2€,decimale '0 50€' -> 1€ (arrondi sup.)
1856,2013-04-13,VILLEPARISIS,OK,False,livres aikido=6€+livre chasse canard ecole=2€+echecs=5€+taror=3€+Tire bouchon=2€+metier tisser=2€,livres aikido=6€+livre chasse canard ecole=2€+echecs=5€+taror=3€+Tire bouchon=2€+metier tisser=2€,
1857,2017-09-10,VILLEPARISIS,OK,False,1 petit plat à tarte Villeroy=1€+1 service nappe et serviettes basque=3€+4 petits cadres=1€+1 carreau (métier dentelle)+1 drap dentelle du puy+2 nappes=25€,1 petit plat à tarte Villeroy=1€+1 service nappe et serviettes basque=3€+4 petits cadres=1€+1 carreau (métier dentelle)+1 drap dentelle du puy+2 nappes=25€,2 item(s) sans prix
1861,2014-05-24,VILLERS-EN-ARTHIES,OK,False,lives dont les rois de pichon=15€,lives dont les rois de pichon=15€,
1862,2009-05-21,VILLERS-EN-ARTHIES,MANUEL,False,a eviter,a eviter,aucun prix exploitable dans l'entree
1865,2021-08-28,VILLERS-SOUS-SAINT-LEU,OK,False,Livre Sanglier=3€+divers couture cadre photo=7€+frites saucisses=12€,Livre Sanglier=3€+divers couture cadre photo=7€+frites saucisses=12€,
1866,2021-08-28,VILLERS-SOUS-SAINT-LEU,OK,False,Livre cuisine=4€+divers couture et germaine bouret=10€+petits livres=5€,Livre cuisine=4€+divers couture et germaine bouret=10€+petits livres=5€,
1868,2019-05-25,VILLIERS-ADAM,DOUTEUX,True,6 porte cle   1€ -   lot de 5 montres  6€   un plat ancien barbotine  2 €  une tirelire  0 5€- 2 Draps en fil brodes  10€  un livre cp cote d ivoire  3 €,6 porte cle=1€+lot de 5 montres=6€+un plat ancien barbotine=2€+une tirelire=1€+2 Draps en fil brodes=10€+un livre cp cote d ivoire=3€,decimale '0 5€' -> 1€ (arrondi sup.)
1878,2016-04-09,VILLIERS-LE-BEL,DOUTEUX,True,horloge VB=3€+1 paire collant V Plat 0 5,horloge VB=3€+1 paire collant V Plat=1€,prix nu '0 5' -> 1€ ; decimale -> 1€ (arrondi sup.) ; nombre isole dans la description : items possiblement fusionnes
1880,2018-06-02,VILLIERS-SUR-MARNE,OK,False,300 CP neuves=20€+130 Portes clés=14€+M&N bonhommes=5€+laguiole tire bouchon=4€+livre gym=2€+cp dieppe=2€+assiettes anciennes=2€+alsa=4€+V&B ma pomme=3€,300 CP neuves=20€+130 Portes clés=14€+M&N bonhommes=5€+laguiole tire bouchon=4€+livre gym=2€+cp dieppe=2€+assiettes anciennes=2€+alsa=4€+V&B ma pomme=3€,
1881,2019-06-01,VILLIERS-SUR-MARNE,OK,False,Villeroy=25€+Porte Clés=10€+Cuillères argentées=4€+manufrance=3€,Villeroy=25€+Porte Clés=10€+Cuillères argentées=4€+manufrance=3€,
1882,2017-05-27,VILLIERS-SUR-MARNE,OK,False,Livres vacances=8€+Paravent érotique=2€+assiettes anciennes=3€+PAtisserie lenôtre neuf=2€+chansons salles de garde=5€+part de quiche=3€,Livres vacances=8€+Paravent érotique=2€+assiettes anciennes=3€+PAtisserie lenôtre neuf=2€+chansons salles de garde=5€+part de quiche=3€,
1883,2015-05-30,VILLIERS-SUR-MARNE,OK,False,livres ancien 17 eme=10€+lire ancien 18eme=5€+livres divers=5€+livres cuisine=2€+partitions=3€+quiches=2€,livres ancien 17 eme=10€+lire ancien 18eme=5€+livres divers=5€+livres cuisine=2€+partitions=3€+quiches=2€,
1884,2013-06-01,VILLIERS-SUR-MARNE,OK,False,livres cuisine=8€+boite couture=12€+marine=15€+livers divers=10€,livres cuisine=8€+boite couture=12€+marine=15€+livers divers=10€,
1885,2016-05-28,VILLIERS-SUR-MARNE,OK,False,Livres Gibiers=3€+Guitare bresilienne=5€+Pied à Coulisse=3€+Outils Bois=4€+LFC=1€,Livres Gibiers=3€+Guitare bresilienne=5€+Pied à Coulisse=3€+Outils Bois=4€+LFC=1€,
1886,2018-06-02,VILLIERS-SUR-MARNE,OK,False,lot Porte clés=2€+lampe moderne Berger=1€+Bd=1€,lot Porte clés=2€+lampe moderne Berger=1€+Bd=1€,
1887,2015-05-30,VILLIERS-SUR-MARNE,DOUTEUX,True,lot voitures corgi 20€ + chaussures mephisto 8€+Villeroy 100€+plats le creuset 2€- 3 livres 4€ 1 veste 3/4 4 € - bijou 4€- 1 tasse VB  1€,lot voitures corgi=20€+chaussures mephisto=8€+Villeroy=100€+plats le creuset=2€+3 livres=4€+1 veste 3=5€+bijou=4€+1 tasse VB=1€,decimale '4 4 €' -> 5€ (arrondi sup.)
1888,2019-06-01,VILLIERS-SUR-MARNE,DOUTEUX,True,Calimero  1€ - Cadre Photo 1€ -Fromagere lagrange   5€ -porte cles  3€  livre affiche solaire histoire 0 50 cts - jupe   1€,Calimero=1€+Cadre Photo=1€+Fromagere lagrange=5€+porte cles=3€+livre affiche solaire histoire=1€+jupe=1€,decimale '0 50 cts' -> 1€ (arrondi sup.) ; unite 'cts' interpretee en euros
1889,2017-05-27,VILLIERS-SUR-MARNE,OK,False,2 beaux cadres=5€+1 veste=3€+Lot bijoux=12€+sac produit lineance=3€+cocotte le creuset=9€,2 beaux cadres=5€+1 veste=3€+Lot bijoux=12€+sac produit lineance=3€+cocotte le creuset=9€,
1891,2014-06-07,VIRANDEVILLE,OK,False,1 livre parfum=1€+1 verre doseur 1e,1 livre parfum=1€+1 verre doseur 1e,1 item(s) sans prix
1892,2014-06-07,VIRANDEVILLE,OK,False,livre marine=5€+livres divers ( mauvais achat jai tout jeté)=10€,livre marine=5€+livres divers ( mauvais achat jai tout jeté)=10€,
1893,2018-06-17,VIROFLAY,OK,False,1 livre CP senega=4€+et 2 livres vacances=4€,1 livre CP senega=4€+et 2 livres vacances=4€,
1894,2022-06-26,VIROFLAY,OK,False,livre lagarde & Michard=1€+galons=3€,livre lagarde & Michard=1€+galons=3€,
1895,2023-05-01,WY-DIT-JOLI-VILLAGE,OK,False,locos=6€+livres=10€+le rire=5€+torchons=10€+pc=3€+cafetière=10€+livre-etrepagny=2€+carreau=2€+rhubarbe=6€+sandwich=3€,locos=6€+livres=10€+le rire=5€+torchons=10€+pc=3€+cafetière=10€+livre-etrepagny=2€+carreau=2€+rhubarbe=6€+sandwich=3€,
1899,2024-09-01,SAINT-CLAIR-SUR-EPTE,OK,False,Tasse villeroy=1€,Tasse villeroy=1€,
1900,2024-09-01,THEMERICOURT,DOUTEUX,True,"Livre Clochemerle , illustre par Dubout=5€+livre Barbie et Poupée=4€+poupee Noire SFGB=3€+livre Crochet ancien :0,5","Livre Clochemerle , illustre par Dubout=5€+livre Barbie et Poupée=4€+poupee Noire SFGB=3€+livre Crochet ancien=1€","prix nu '0,5' -> 1€ ; decimale -> 1€ (arrondi sup.)"
1901,2024-09-01,BEZU-SAINT-ELOI,OK,False,Boutons=3€+livres=1€+Haricots=2€,Boutons=3€+livres=1€+Haricots=2€,
1902,2024-09-01,CHAMBORS,OK,False,Fils Francine=9€,Fils Francine=9€,
1903,2024-09-01,SAINT-CLAIR-SUR-EPTE,OK,False,PC=2€+Vase=3€,PC=2€+Vase=3€,
1905,2024-06-02,BOIS-D'ARCY,DOUTEUX,True,"Lot serrures laiton :3€ + lot 40 anneaux laiton :3€ + 3 livres coutures :3€ + lot tissus liege :2 € +Livre Tintin :0,5€ + BOucle oreille :4 € ",Lot serrures laiton=3€+lot 40 anneaux laiton=3€+3 livres coutures=3€+lot tissus liege=2€+Livre Tintin=1€+BOucle oreille=4€,"decimale '0,5€' -> 1€ (arrondi sup.)"
1906,2024-06-02,BOIS-D'ARCY,DOUTEUX,True,Assiettes Coq=7€+CP=15€+Partition=12€+boutons=2€+plumes=5€+becasse=2€+shakespeare=6€+buvards=2€+affiche=3€+couture:1+lampe berger=1€,Assiettes Coq=7€+CP=15€+Partition=12€+boutons=2€+plumes=5€+becasse=2€+shakespeare=6€+buvards=2€+affiche=3€+couture=1€+lampe berger=1€,prix nu '1' -> 1€
1907,2024-05-05,CONFLANS-SAINTE-HONORINE,DOUTEUX,True,"3 Bols Banania Clouset :1,5",3 Bols Banania Clouset=2€,"prix nu '1,5' -> 2€ ; decimale -> 2€ (arrondi sup.) ; nombre isole dans la description : items possiblement fusionnes"
1908,2024-05-05,PIERRELAYE,OK,False,1 Horloge V&B=1€+2 chapelet Nacre=2€,1 Horloge V&B=1€+2 chapelet Nacre=2€,
1909,2024-05-05,MERIEL,OK,False,boutons=5€+guitare=10€+Germaine Bouret=10€+divers=2€,boutons=5€+guitare=10€+Germaine Bouret=10€+divers=2€,
1912,2024-04-07,SAINT-LEU-D'ESSERENT,OK,False,Livre Armée Africaines=1€+3 revues mode 1930 avec Patron=2€+lot couture (mètre ruban : )=1€,Livre Armée Africaines=1€+3 revues mode 1930 avec Patron=2€+lot couture (mètre ruban : )=1€,
1913,2024-04-07,BERNOUVILLE,OK,False,dictons=1€,dictons=1€,
1914,2024-04-07,COURCELLES-LÈS-GISORS,OK,False,La france en 5 Vol=25€+cartes postale=1€+mouchoir=1€,La france en 5 Vol=25€+cartes postale=1€+mouchoir=1€,
1915,2024-04-07,LIANCOURT-SAINT-PIERRE,OK,False,Mario kart=4€+manuels Castors=5€,Mario kart=4€+manuels Castors=5€,
1916,2024-04-07,US,DOUTEUX,True,"2 agendas anciens que Paul a jeté :1,50",2 agendas anciens que Paul a jeté=2€,"prix nu '1,50' -> 2€ ; decimale -> 2€ (arrondi sup.) ; nombre isole dans la description : items possiblement fusionnes"
1917,2024-09-07,THIVERVAL-GRIGNON,OK,False,Boutons=10€+boucles oreilles=4€+tissus=1€,Boutons=10€+boucles oreilles=4€+tissus=1€,
1919,2024-06-08,ABLEIGES,OK,False,lot boutons dans une boite en bois=10€+2 tintins=2€+livre Beatles=2€,lot boutons dans une boite en bois=10€+2 tintins=2€+livre Beatles=2€,
1920,2024-06-08,FRANCONVILLE,MANUEL,False,Rien acheté,Rien acheté,aucun prix exploitable dans l'entree
1921,2024-06-08,ABLEIGES,OK,False,Bonnot=8€+1900=8€+pleiade=1€,Bonnot=8€+1900=8€+pleiade=1€,
1923,2024-09-08,BOISEMONT,OK,False,Nappes brodées=5€+Tissus=3€+Livre Anquetil=2€,Nappes brodées=5€+Tissus=3€+Livre Anquetil=2€,
1924,2024-09-08,MERIEL,OK,False,cuillere salade en corne & argent ?=1€+Boutons=2€,cuillere salade en corne & argent ?=1€+Boutons=2€,
1925,2024-09-08,MERIEL,OK,False,Nintendo=5€+Photos=10€+pipe=1€+Tasse=3€+email coca=5€,Nintendo=5€+Photos=10€+pipe=1€+Tasse=3€+email coca=5€,
1926,2024-03-09,ABLEIGES,OK,False,3 Cahiers=3€+3 revues dont Album du figaro=3€+1 livre YSL accessoires=2€,3 Cahiers=3€+3 revues dont Album du figaro=3€+1 livre YSL accessoires=2€,
1927,2024-05-09,ECOUEN,OK,False,Divers couture et surtout Boutons=15€+lot objet religieux=4€,Divers couture et surtout Boutons=15€+lot objet religieux=4€,
1928,2024-05-09,HERBLAY,MANUEL,False,Pas d'achat,Pas d'achat,aucun prix exploitable dans l'entree
1929,2024-05-09,ECOUEN,OK,False,Poupées dans vieille malle=24€+BD=4€+Historial=10€+24 assiettes=10€+livres ratp=10€+Couture=1€+loto départements=8€,Poupées dans vieille malle=24€+BD=4€+Historial=10€+24 assiettes=10€+livres ratp=10€+Couture=1€+loto départements=8€,
1930,2024-06-09,EPONE,OK,False,Pot Mucha=2€+3 tintin=4€+lot clé anciennes+heurtoir=8€+Pochette burda=3€+2 draps brodés=7€+poupée 40 cm=1€,Pot Mucha=2€+3 tintin=4€+lot clé anciennes+heurtoir=8€+Pochette burda=3€+2 draps brodés=7€+poupée 40 cm=1€,1 item(s) sans prix
1931,2024-06-09,MARINES,OK,False,Meuble Francine=30€+Oeufs=20€+Livres fantasio et Action francaise=15€+boutons=3€+livre=2€+Bd ancinne=5€,Meuble Francine=30€+Oeufs=20€+Livres fantasio et Action francaise=15€+boutons=3€+livre=2€+Bd ancinne=5€,
1932,2024-06-09,PONTOISE,OK,False,Ciseau Fiskar=1€+revues Boxe=10€+Bol Lu=1€+babioles=3€,Ciseau Fiskar=1€+revues Boxe=10€+Bol Lu=1€+babioles=3€,
1934,2024-06-10,PONTOISE,OK,False,1 livre Matelassage machine=3€+1 Voiture Formula1=1€,1 livre Matelassage machine=3€+1 Voiture Formula1=1€,
1936,2024-03-11,ABLEIGES,OK,False,Assiettes Superware=2€+Captivité=8€+Livres=7€+mode=5€,Assiettes Superware=2€+Captivité=8€+Livres=7€+mode=5€,
1937,2024-05-11,ABLEIGES,OK,False,Livres Art=9€+vieux livres=3€,Livres Art=9€+vieux livres=3€,
1938,2024-05-11,ABLEIGES,OK,False,1 livre sur questions Bacc de 1830=1€+1 gaine neuve vintage Barbara=3€+2 draps en chanvre=5€+2 paquets d'embouts de brosse à dents=4€+1 foulard soie=1€+1 chapelet=1€,1 livre sur questions Bacc de 1830=1€+1 gaine neuve vintage Barbara=3€+2 draps en chanvre=5€+2 paquets d'embouts de brosse à dents=4€+1 foulard soie=1€+1 chapelet=1€,
1939,2024-05-12,ABLEIGES,OK,False,Torchons+nappe=15€+boite peinture Lefranc & Bourgeois=1€+eau de cologne=20€,Torchons+nappe=15€+boite peinture Lefranc & Bourgeois=1€+eau de cologne=20€,1 item(s) sans prix
1940,2024-05-12,CONDECOURT,OK,False,Livre M&T couture=1€+accessoire couture=2€,Livre M&T couture=1€+accessoire couture=2€,
1941,2024-05-12,ABLEIGES,OK,False,Ferrures=75€,Ferrures=75€,
1942,2024-05-12,CONDECOURT,OK,False,Ordinateur ancien=5€+VB=15€+Verre=5€,Ordinateur ancien=5€+VB=15€+Verre=5€,
1943,2024-04-13,ABLEIGES,DOUTEUX,True,"Lot linge ancien (nappe crochet et napperon dentelle) :5€ + 3 jeu de cartes Grimaud : 2,5€ + lot 2 livres ecoles (imagiers de l'enfance ) :4€",Lot linge ancien (nappe crochet et napperon dentelle)=5€+3 jeu de cartes Grimaud=3€+lot 2 livres ecoles (imagiers de l'enfance )=4€,"decimale '2,5€' -> 3€ (arrondi sup.)"
1944,2024-04-13,ABLEIGES,OK,False,Plaque emaillee biere=8€+boutons=1€+livre impression=5€+moliere=5€+ali baba ancien=1€,Plaque emaillee biere=8€+boutons=1€+livre impression=5€+moliere=5€+ali baba ancien=1€,
1946,2024-04-14,SAGY,OK,False,Lot V&B Botanica=30€+Lot Boutons anciens+fil soie+dentelle=5€+3 classeurs Modes et travaux=2€+Missel ancien Heures de Blanches de Castille avec Image=2€+Boites À bijoux=1€+Foulard soie=1€+Faïence Yardley=5€+Blouse=2€+bas dior nylon=1€,Lot V&B Botanica=30€+Lot Boutons anciens+fil soie+dentelle=5€+3 classeurs Modes et travaux=2€+Missel ancien Heures de Blanches de Castille avec Image=2€+Boites À bijoux=1€+Foulard soie=1€+Faïence Yardley=5€+Blouse=2€+bas dior nylon=1€,2 item(s) sans prix
1947,2024-04-14,ABLEIGES,OK,False,Boutons=3€+livres=3€+dessertes en bd=1€+couverts lesieur=2€,Boutons=3€+livres=3€+dessertes en bd=1€+couverts lesieur=2€,
1948,2024-04-14,SAGY,OK,False,tintin=2€+torrents=2€,tintin=2€+torrents=2€,
1949,2024-09-14,ABLEIGES,OK,False,Livre Voitures exposition de l'automobile 1926 /30=3€+livre Canons=2€+tissus soie=1€+sac coloré=1€+Livre aquarelles Prague=2€,Livre Voitures exposition de l'automobile 1926 /30=3€+livre Canons=2€+tissus soie=1€+sac coloré=1€+Livre aquarelles Prague=2€,
1950,2024-09-14,ABLEIGES,OK,False,Quimper noir=30€+assiettes Anglaises=5€+livres Faience=5€,Quimper noir=30€+assiettes Anglaises=5€+livres Faience=5€,
1951,2024-06-15,LE BLANC-MESNIL,DOUTEUX,True,Porte clés=30€+Casserole Haviland=10€+Boutons=8€+Assiettes=3€+portemonnaie=1€+verre:1+Cendriers=5€,Porte clés=30€+Casserole Haviland=10€+Boutons=8€+Assiettes=3€+portemonnaie=1€+verre=1€+Cendriers=5€,prix nu '1' -> 1€
1952,2024-09-15,ABLEIGES,OK,False,Carton de paires de collants avec soie : (il y a 150 collants)=20€,Carton de paires de collants avec soie : (il y a 150 collants)=20€,
1953,2024-09-15,CARRIÈRES-SOUS-POISSY,OK,False,Villeroy=12€+longwy=3€+galopin=5€+rouleaux alu=7€+fivers livres=4€+babioles=3€+disques=4€,Villeroy=12€+longwy=3€+galopin=5€+rouleaux alu=7€+fivers livres=4€+babioles=3€+disques=4€,
1954,2024-09-15,LA FRETTE-SUR-SEINE,OK,False,Tasse anglaise Mois=4€+tasse porcelaine art Parisavec Chat=2€,Tasse anglaise Mois=4€+tasse porcelaine art Parisavec Chat=2€,
1955,2024-09-15,LE PLESSIS-BOUCHARD,OK,False,Livre Japon=2€,Livre Japon=2€,
1956,2024-06-16,ÉRAGNY-SUR-OISE,VIDE,True, ,,
1957,2024-06-16,ÉRAGNY-SUR-OISE,OK,False,Figurines Metal=15€+Poster=2€,Figurines Metal=15€+Poster=2€,
1959,2024-03-17,ANDRESY,OK,False,1 Pilote de 1970 pour PH=2€+un livre tricot ancien=2€,1 Pilote de 1970 pour PH=2€+un livre tricot ancien=2€,
1961,2024-05-18,POISSY,OK,False,"Vrac couture & Boutons=2€+Armoire jouet=2€+3 Bocaux le parfait=1€+2grands pots: 1 boite Rita :0,5=1€","Vrac couture & Boutons=2€+Armoire jouet=2€+3 Bocaux le parfait=1€+2grands pots: 1 boite Rita :0,5=1€",
1962,2024-05-18,POISSY,DOUTEUX,True,Boutons=2€+Livres:2.5€+bol toulon gien:0.5€,Boutons=2€+Livres=3€+bol toulon gien=1€,decimale '2.5€' -> 3€ (arrondi sup.) ; decimale '0.5€' -> 1€ (arrondi sup.)
1963,2024-08-18,MUIDS,OK,False,50 Kg Patates=24€+4 Kg de Figue=20€+Assiette Naif=2€,50 Kg Patates=24€+4 Kg de Figue=20€+Assiette Naif=2€,
1964,2024-05-19,ACHERES,OK,False,les 3 poupées=15€+boutons SNCF=2€,les 3 poupées=15€+boutons SNCF=2€,
1965,2024-05-19,LE CHESNAY,OK,False,Lot carreau de denteliere+3 livres et cahiers+patrons=12€+Lot boutons=2€+missel avec Marque page=5€+Balance jouet avec ses poids=4€,Lot carreau de denteliere+3 livres et cahiers+patrons=12€+Lot boutons=2€+missel avec Marque page=5€+Balance jouet avec ses poids=4€,2 item(s) sans prix
1966,2024-05-19,BOISSY-MAUVOISIN,OK,False,"Assiettes de chasse=10€+vaisselle limoges=4€+coton, bobines=3€+boites biscottes=2€+babioles=9€","Assiettes de chasse=10€+vaisselle limoges=4€+coton, bobines=3€+boites biscottes=2€+babioles=9€",
1967,2024-08-19,MUIDS,DOUTEUX,True,"lot boutons :20€ +2 livres couture poupee : 2€+Livres signes de piste : 2,5€",lot boutons=20€+2 livres couture poupee=2€+Livres signes de piste=3€,"decimale '2,5€' -> 3€ (arrondi sup.)"
1968,2024-05-20,COMMENY,DOUTEUX,True,"Carte plan Paris 1855 et grande bobine bois=2€+Mouchoir ancien Brode Monogramme=10€+Nappe & serviettes Monogramme+napperon=10€+Lot Karaté=5€+lot Livre tour de France=5€+lot rubans et boutons=10€+Grands sacs poubelle :1,5",Carte plan Paris 1855 et grande bobine bois=2€+Mouchoir ancien Brode Monogramme=10€+Nappe & serviettes Monogramme+napperon=10€+Lot Karaté=5€+lot Livre tour de France=5€+lot rubans et boutons=10€+Grands sacs poubelle=2€,"prix nu '1,5' -> 2€ ; decimale -> 2€ (arrondi sup.) ; 1 item(s) sans prix"
1969,2024-05-20,COMMENY,OK,False,nintendo=5€+melamine=3€+Livres=3€+Hergé=2€+porte plume=2€+gateau=2€,nintendo=5€+melamine=3€+Livres=3€+Hergé=2€+porte plume=2€+gateau=2€,
1970,2024-04-21,BREVAL,VIDE,True, ,,
1971,2024-04-21,BREVAL,OK,False,jules verne Rabier Lorioux blake=100€+boutons=1€,jules verne Rabier Lorioux blake=100€+boutons=1€,
1972,2024-03-23,ABLEIGES,OK,False,Modes et Travaux=20€+linge communion ancien=5€+babioles maison=4€,Modes et Travaux=20€+linge communion ancien=5€+babioles maison=4€,
1973,2024-03-23,ABLEIGES,OK,False,Mouchoirs anciens=1€+1 tasse et sous tasse avril=2€+classeur de cartes postales (bateaux )=5€+tissus=2€,Mouchoirs anciens=1€+1 tasse et sous tasse avril=2€+classeur de cartes postales (bateaux )=5€+tissus=2€,
1974,2024-06-23,VERNEUIL-SUR-SEINE,OK,False,"Boite metal ancienne=2€+jeu ancien loto geographie=3€+eventail sculpté ivoire ,?os ?=4€+et petite cuille Os ?=4€+Bijoux agatha=6€+taie richelieu=2€+boutons=8€","Boite metal ancienne=2€+jeu ancien loto geographie=3€+eventail sculpté ivoire ,?os ?=4€+et petite cuille Os ?=4€+Bijoux agatha=6€+taie richelieu=2€+boutons=8€",
1975,2024-06-23,CLÉRY-EN-VEXIN,OK,False,boutons=3€+bas tiercé=5€+blouse=1€+chasse=2€,boutons=3€+bas tiercé=5€+blouse=1€+chasse=2€,
1977,2024-03-24,ABLEIGES,DOUTEUX,True,Boite couture:12,Boite couture=12€,prix nu '12' -> 12€
1979,2024-03-24,NUCOURT,OK,False,Boite couture=12€+Boutons Et Divers=20€+Rubans Dior=10€+Modes travaux & livre produits beauté=5€+embouchoirs=10€+Chaussons danse Repetto=5€,Boite couture=12€+Boutons Et Divers=20€+Rubans Dior=10€+Modes travaux & livre produits beauté=5€+embouchoirs=10€+Chaussons danse Repetto=5€,
1980,2024-03-24,ABLEIGES,OK,False,Plat Naif=5€+Carte 1787=15€,Plat Naif=5€+Carte 1787=15€,
1981,2024-03-24,NUCOURT,OK,False,PlayMobil=15€+linge=15€+Buvard=20€+divers=5€,PlayMobil=15€+linge=15€+Buvard=20€+divers=5€,
1982,2024-03-24,SAINT-GERVAIS,OK,False,livre=7€+Billard Nicolas=10€+Agenda=15€+Assiettes=4€,livre=7€+Billard Nicolas=10€+Agenda=15€+Assiettes=4€,
1983,2024-05-25,ABLEIGES,OK,False,Pas trouvé grand chose : Taies oreiller=2€+bloc notes Paf exacompta=2€,Pas trouvé grand chose : Taies oreiller=2€+bloc notes Paf exacompta=2€,
1984,2024-05-25,ABLEIGES,OK,False,Rouleau=15€+Alsace=15€,Rouleau=15€+Alsace=15€,
1985,2024-08-25,NOGENT-SUR-OISE,OK,False,Livre cuisine (pochage poisson)=1€+2 livres peinture=1€,Livre cuisine (pochage poisson)=1€+2 livres peinture=1€,
1986,2024-08-25,PONTPOINT,OK,False,Lot Mouchoirs (1 boite tissagar et 2 lots samaritaine initiale E)=7€+Lot fil broder DMC et livres=6€+tomate et rhubarbe=7€+18 oeufs=3€,Lot Mouchoirs (1 boite tissagar et 2 lots samaritaine initiale E)=7€+Lot fil broder DMC et livres=6€+tomate et rhubarbe=7€+18 oeufs=3€,
1988,2024-08-25,NOGENT-SUR-OISE,OK,False,Dés=3€,Dés=3€,
1989,2024-08-25,PONTPOINT,OK,False,Tomates+rhubarge=25€+service café VB=5€+tarot=3€+livres morbihan=10€+brocante=3€,Tomates+rhubarge=25€+service café VB=5€+tarot=3€+livres morbihan=10€+brocante=3€,1 item(s) sans prix
1990,2024-08-25,VILLENEUVE-SUR-VERBERIE,OK,False,le petit beauvaisien=2€,le petit beauvaisien=2€,
1991,2024-05-26,CERGY,DOUTEUX,True,Theiere Aston=2€+Oeufs et radis :6,Theiere Aston=2€+Oeufs et radis=6€,prix nu '6' -> 6€
1993,2024-05-26,SANNOIS,OK,False,Boutons anciens=5€+tissus vintage=1€+Voiture tintin=5€,Boutons anciens=5€+tissus vintage=1€+Voiture tintin=5€,
1994,2024-05-26,CERGY,OK,False,Reveils=10€+pacotille=15€+bdadultes=4€+agenda orange=2€+petit prince=10€+PC=1€+VB Pots=7€+VB Plateau=2€,Reveils=10€+pacotille=15€+bdadultes=4€+agenda orange=2€+petit prince=10€+PC=1€+VB Pots=7€+VB Plateau=2€,
1997,2024-04-28,CONFLANS-SAINTE-HONORINE,OK,False,Grande Terrine V&B=4€+Lot dentelles=1€+2 Cahiers Oxford=2€,Grande Terrine V&B=4€+Lot dentelles=1€+2 Cahiers Oxford=2€,
1998,2024-04-28,MOISSELLES,OK,False,Bloc exacompta et recharges papier=5€,Bloc exacompta et recharges papier=5€,
1999,2024-04-28,CONFLANS-SAINTE-HONORINE,OK,False,Livres=7€+Pissarro=5€+Assiettes=20€+tapis SDB=4€,Livres=7€+Pissarro=5€+Assiettes=20€+tapis SDB=4€,
2001,2024-09-28,DOMONT,OK,False,Vaisselle Bistro=23€+Longwy=5€+Verre=1€+Baudelaire=1€+Assiettes Boucher=5€,Vaisselle Bistro=23€+Longwy=5€+Verre=1€+Baudelaire=1€+Assiettes Boucher=5€,
2002,2024-09-28,DOMONT,OK,False,Vaisselle bistrot=25€+Rideau tissus pour coussin=2€+qq boutons=3€+2 SS verre tableaux Marine=1€,Vaisselle bistrot=25€+Rideau tissus pour coussin=2€+qq boutons=3€+2 SS verre tableaux Marine=1€,
2004,2024-09-28,ABLEIGES,OK,False,1 pose plat V&B Naif=1€+lot mouchoirs brodés=2€,1 pose plat V&B Naif=1€+lot mouchoirs brodés=2€,
2007,2024-10-06,CERGY,DOUTEUX,True,Livres 12€+soldats+8€+Bd:7€+lethu:4€+coq:2€+asterix:3€,Livres=12€+soldats+?=8€+Bd=7€+lethu=4€+coq=2€+asterix=3€,description vide ; 1 item(s) sans prix
2008,2024-10-06,CERGY,OK,False,Couture (livres+rubans+boutons )=5€+rideaux anciens=8€,Couture (livres+rubans+boutons )=5€+rideaux anciens=8€,2 item(s) sans prix
2009,2024-10-20,ANDRESY,OK,False,Ferrai 1/13=21€+Pc Ferrari=4€+GeoTintin=2€+Tissu 70's=3€+Poupées=2€+40Pc=4€+Malraux=15€+dicersLivres=5€+plat huitre=2€+1000bornes=5€+cartesfluviales=2€+boutons=1€+Aigle=1€,Ferrai 1/13=21€+Pc Ferrari=4€+GeoTintin=2€+Tissu 70's=3€+Poupées=2€+40Pc=4€+Malraux=15€+dicersLivres=5€+plat huitre=2€+1000bornes=5€+cartesfluviales=2€+boutons=1€+Aigle=1€,
2010,2024-10-20,ANDRESY,DOUTEUX,True,"Livre ecole calcul :0,5€ +Lot couture, dixit la vendeuse (lot anneaux rideau ancien, +linge ancien) :5€ +Saladier V&B :2 €+ 5 glands rideaux :3€+ 3petites plaques boutons nacre :2€","Livre ecole calcul=1€+Lot couture, dixit la vendeuse (lot anneaux rideau ancien+linge ancien)=5€+Saladier V&B=2€+5 glands rideaux=3€+3petites plaques boutons nacre=2€","decimale '0,5€' -> 1€ (arrondi sup.) ; 1 item(s) sans prix"
2011,2024-10-27,MONTESSON,OK,False,Livre Figuier=20€+Cd=15€+Courteline=8€+Maupassant=15€+Napoleon=5€+cd =10€+Rouleau papier=10€,Livre Figuier=20€+Cd=15€+Courteline=8€+Maupassant=15€+Napoleon=5€+cd =10€+Rouleau papier=10€,
2012,2024-10-27,MONTESSON,DOUTEUX,True,Drap de cholet+statuette Dresves=5€+huile corps (moi)=5€+nappe :2,Drap de cholet+statuette Dresves=5€+huile corps (moi)=5€+nappe=2€,prix nu '2' -> 2€ ; 1 item(s) sans prix
2013,2024-11-03,CHELLES,OK,False,Ajar=1€+Rouleau paper=10€+Livre Vinyl=5€,Ajar=1€+Rouleau paper=10€+Livre Vinyl=5€,
2014,2024-11-03,CHELLES,OK,False,3  Lagarde et michard=4€|2 jetes|,3  Lagarde et michard=4€|2 jetes|,
2015,2024-11-09,ABLEIGES,OK,False,valise papier cp=20€+les verts=7€+monaco=10€+livres=5€+Patates=20€+soldats=2€+assiettes=4€,valise papier cp=20€+les verts=7€+monaco=10€+livres=5€+Patates=20€+soldats=2€+assiettes=4€,
2016,2024-11-09,ABLEIGES,OK,False,Carte pour Paul=5€+Nappe brodée couleur=3€+lot boutons=3€,Carte pour Paul=5€+Nappe brodée couleur=3€+lot boutons=3€,
2017,2024-11-23,ABLEIGES,OK,False,Assiettes  ramuntcho=30€+Book of Sports=50€+Loto=3€+Boutons=5€,Assiettes  ramuntcho=30€+Book of Sports=50€+Loto=3€+Boutons=5€,
2018,2024-11-23,ABLEIGES,OK,False,2 boites couture=10€+Montre «boussole»=50€+3 boites dior=10€,2 boites couture=10€+Montre «boussole»=50€+3 boites dior=10€,
2021,2025-02-22,ABLEIGES,OK,False,1 plat v&B Ancien luxembourg et livres styles Pop up=8€+1 Bonnot (ceinture chasteté)=1€+Lot boutons dont plaque ceinture louis Vuitton ( )=3€,1 plat v&B Ancien luxembourg et livres styles Pop up=8€+1 Bonnot (ceinture chasteté)=1€+Lot boutons dont plaque ceinture louis Vuitton ( )=3€,
2022,2025-02-23,ABLEIGES,OK,False,Eau de cologne 1000ml=5€+1 livres planches Edifices=5€,Eau de cologne 1000ml=5€+1 livres planches Edifices=5€,
2023,2025-03-08,ABLEIGES,OK,False,"Lot boutons nacre et boite couture a tiroirs=3€+Tissus cachemire london+gaine, lot boites mouchoirs=15€+boite avec boutons=2€+boite fil dmc ,fuseau dentelliere,lot boucle ceinture=5€","Lot boutons nacre et boite couture a tiroirs=3€+Tissus cachemire london+gaine, lot boites mouchoirs=15€+boite avec boutons=2€+boite fil dmc ,fuseau dentelliere,lot boucle ceinture=5€",1 item(s) sans prix
2024,2025-03-22,ABLEIGES,OK,False,couture=6€+ND Paris =5€+assiettes=3€+epinal=4€+plat=2€,couture=6€+ND Paris =5€+assiettes=3€+epinal=4€+plat=2€,
2025,2025-03-22,ABLEIGES,OK,False,Boite en bois avec jetons en os=5€+grande nappe brodée (3m50)=2€,Boite en bois avec jetons en os=5€+grande nappe brodée (3m50)=2€,
2026,2025-03-23,PONTOISE,OK,False,Livres couture et boutons=4€,Livres couture et boutons=4€,
2027,2025-03-23,ABLEIGES,OK,False,Photo JFL=15€+  boites à bijou ( que Fra a jeté)=3€+Bd =10€+Livres =9€+Chop=1€+Boutons=6€+Ciseaux=2€+Chausse pied=1€,Photo JFL=15€+  boites à bijou ( que Fra a jeté)=3€+Bd =10€+Livres =9€+Chop=1€+Boutons=6€+Ciseaux=2€+Chausse pied=1€,
2029,2025-03-29,HERBLAY,OK,False,playmobil=5€+Disques =5€+Jeux =2€+Tasse=2€+Mathiot=3€+cendrier=3€+couteaux=2€+verres=2€,playmobil=5€+Disques =5€+Jeux =2€+Tasse=2€+Mathiot=3€+cendrier=3€+couteaux=2€+verres=2€,
2030,2025-03-29,HERBLAY,DOUTEUX,True,"Lot de livres Manga (0,50 € euros piece):10€+ veste cuir noir :30€",Lot de livres Manga (=1€+euros piece)=10€+veste cuir noir=30€,"decimale '0,50 €' -> 1€ (arrondi sup.)"
2031,2025-04-06,BEAUCHAMP,OK,False,boutons=3€+boite boutons=2€+potVB=3€,boutons=3€+boite boutons=2€+potVB=3€,
2032,2025-04-06,NUCOURT,OK,False,Boutons=5€,Boutons=5€,
2033,2025-04-06,BEAUCHAMP,MANUEL,False,Poupée Raynal,Poupée Raynal,aucun prix exploitable dans l'entree
2034,2025-04-12,ABLEIGES,OK,False,Lot boutons mouchoirs=10€,Lot boutons mouchoirs=10€,
2035,2025-04-13,SAGY,OK,False,Fer gendarme=1€+Assiettes =10€+comics=8€+torchons=8€+piano Hohner=2€+Bonnot =2€+torchon Alsace=5€+tintin=15€+Assiettes Mélamine=2€,Fer gendarme=1€+Assiettes =10€+comics=8€+torchons=8€+piano Hohner=2€+Bonnot =2€+torchon Alsace=5€+tintin=15€+Assiettes Mélamine=2€,
2036,2025-04-14,SAGY,OK,False,Boite ancienne metal riz Uncle ben=1€+2 boites métal la Dunkerquoise=1€+2 boites Fil broder DMC=15€+2 Coupons drap lin=4€+Serviettes éponges (Du magasin Printemps )=6€+mouchoir Cholet=2€+2 Livres Fillon Poulidor=2€+lot serviettes=5€+Plat le creuset=2€+2 Plaques porcelaine proprete porte=2€+tissus=2€,Boite ancienne metal riz Uncle ben=1€+2 boites métal la Dunkerquoise=1€+2 boites Fil broder DMC=15€+2 Coupons drap lin=4€+Serviettes éponges (Du magasin Printemps )=6€+mouchoir Cholet=2€+2 Livres Fillon Poulidor=2€+lot serviettes=5€+Plat le creuset=2€+2 Plaques porcelaine proprete porte=2€+tissus=2€,
2037,2025-04-20,PIERREFITTE-SUR-SEINE,MANUEL,False,rien,rien,aucun prix exploitable dans l'entree
2038,2025-04-21,OINVILLE-SUR-MONTCIENT,OK,False,Power Rangers=1€+jouets=2€,Power Rangers=1€+jouets=2€,
2039,2025-04-21,OINVILLE-SUR-MONTCIENT,DOUTEUX,True,"1 pichet au verre granité orange des années 50=10€+lot tupperware=2€+vetement barbie :0,50+lot vaisselle Rose Chintz Pink Johnson brother=10€+2 taies oreiller neuves metis cholet=5€+lot vetement marque pour moi=10€+livre dictionnaire raisonné d1 peintre=3€",1 pichet au verre granité orange des années 50=10€+lot tupperware=2€+vetement barbie=1€+lot vaisselle Rose Chintz Pink Johnson brother=10€+2 taies oreiller neuves metis cholet=5€+lot vetement marque pour moi=10€+livre dictionnaire raisonné d1 peintre=3€,"prix nu '0,50' -> 1€ ; decimale -> 1€ (arrondi sup.)"
2040,2025-04-26,ABLEIGES,MANUEL,False,Rien acheté,Rien acheté,aucun prix exploitable dans l'entree
2041,2025-04-27,CONFLANS-SAINTE-HONORINE,OK,False,boutons militaires=10€+beatles et  roudoudou=8€+revues années 40=10€+pots yaourts=15€+pot VB=2€+anciennes assiettes=3€+torchons=2€+san antonio=13€+divers=2€,boutons militaires=10€+beatles et  roudoudou=8€+revues années 40=10€+pots yaourts=15€+pot VB=2€+anciennes assiettes=3€+torchons=2€+san antonio=13€+divers=2€,
2042,2025-04-27,CONFLANS-SAINTE-HONORINE,DOUTEUX,True,"Boite couture rempli de bobine bois fil lin=5€+lot boites mouchoirs anciens=5€+Persavon=2€+2 livres formule 1 annee 1992 (que Paul a jeté car trop récent)=2€+2 livres Lagarge xvi que paul n'a pas gardé=2€+cintre en bois ancien :0,50",Boite couture rempli de bobine bois fil lin=5€+lot boites mouchoirs anciens=5€+Persavon=2€+2 livres formule 1 annee 1992 (que Paul a jeté car trop récent)=2€+2 livres Lagarge xvi que paul n'a pas gardé=2€+cintre en bois ancien=1€,"prix nu '0,50' -> 1€ ; decimale -> 1€ (arrondi sup.)"
2043,2025-05-04,TRIEL-SUR-SEINE,MANUEL,False,Pas d'achat,Pas d'achat,aucun prix exploitable dans l'entree
2045,2025-05-04,MERIEL,OK,False,Ancien objet de couture=5€,Ancien objet de couture=5€,
2046,2025-05-08,HARAVILLIERS,OK,False,Assiettes Carmen=15€+Livres=15€+Serviettes=10€+Vaisselle Plastique=2€+Tableaux=5€+divers=5€,Assiettes Carmen=15€+Livres=15€+Serviettes=10€+Vaisselle Plastique=2€+Tableaux=5€+divers=5€,
2048,2025-05-08,HARAVILLIERS,OK,False,nappe à carreaux rouges=2€+produit nettoyage bijoux=3€+Loupe=1€+Marteau porte=1€,nappe à carreaux rouges=2€+produit nettoyage bijoux=3€+Loupe=1€+Marteau porte=1€,
2049,2025-05-10,PIERRELAYE,OK,False,caisse=12€+affiche=10€+porte clé=10€+camion=5€+Livre francine=5€+serviette=4€+cinéma=3€+assiette=2€+ciseau=6€+divers=3€,caisse=12€+affiche=10€+porte clé=10€+camion=5€+Livre francine=5€+serviette=4€+cinéma=3€+assiette=2€+ciseau=6€+divers=3€,
2050,2025-05-10,PIERRELAYE,OK,False,Lot 30 torchons=25€+2 bols pâques V&B+bol et assiette roudoudou=5€+lot 3 assiettes hbcm=1€+cadre photo=2€,Lot 30 torchons=25€+2 bols pâques V&B+bol et assiette roudoudou=5€+lot 3 assiettes hbcm=1€+cadre photo=2€,1 item(s) sans prix
2051,2025-05-10,ABLEIGES,OK,False,acapulco=4€,acapulco=4€,
2052,2025-05-10,ABLEIGES,OK,False,lot ancien boutons=5€,lot ancien boutons=5€,
2053,2025-05-11,ECOUEN,OK,False,Couture ecole=75€+Geveor=12€+menagere =8€+anecdotes=10€+divers livres=10€+6 plats  Villeroy=12€,Couture ecole=75€+Geveor=12€+menagere =8€+anecdotes=10€+divers livres=10€+6 plats  Villeroy=12€,
2054,2025-05-11,CONDECOURT,OK,False,Lot de carrés broderie Richelieu pour patchwork+divers fournitures couture=12€+Nappe richelieu=5€,Lot de carrés broderie Richelieu pour patchwork+divers fournitures couture=12€+Nappe richelieu=5€,1 item(s) sans prix
2056,2025-05-11,ABLEIGES,OK,False,passoire V&B=8€+Lot boutons sur plaques=15€+Terrine Orange Le Creuset=2€+Lot linge ancien (chemises brodées)=15€,passoire V&B=8€+Lot boutons sur plaques=15€+Terrine Orange Le Creuset=2€+Lot linge ancien (chemises brodées)=15€,
2057,2025-05-17,POISSY,OK,False,=Assiettes Churchill=10€+Calvin Hobbes=5€+poubelle=5€+assiettes Gien=3€+Porte clés=2€+Marvel=3€+Livres=1€+boutons=1€+Jouet=2€,=Assiettes Churchill=10€+Calvin Hobbes=5€+poubelle=5€+assiettes Gien=3€+Porte clés=2€+Marvel=3€+Livres=1€+boutons=1€+Jouet=2€,
2058,2025-05-17,POISSY,OK,False,=Assiettes Churchill=5€+2 thermomix livres=3€,=Assiettes Churchill=5€+2 thermomix livres=3€,
2059,2025-05-18,ERMONT,OK,False,Vide poche=8€+serviette=32€+couture=5€+vb=10€+divers=6€+flacons=8€,Vide poche=8€+serviette=32€+couture=5€+vb=10€+divers=6€+flacons=8€,
2060,2025-05-18,MARGENCY,OK,False,Parure de drap+broderie =7€,Parure de drap+broderie =7€,1 item(s) sans prix
2061,2025-05-18,ÉRAGNY-SUR-OISE,OK,False,Boutons=5€+vb=2€+livres=2€,Boutons=5€+vb=2€+livres=2€,
2062,2025-05-18,HERBLAY,OK,False,Tasses Royal Albert «fleur du mois»=25€+boite couture tiroirs transparents=2€,Tasses Royal Albert «fleur du mois»=25€+boite couture tiroirs transparents=2€,
2063,2025-05-18,ÉRAGNY-SUR-OISE,DOUTEUX,True,0€,?=0€,description vide
2064,2025-05-18,HERBLAY,OK,False,Livres=6€+images=4€,Livres=6€+images=4€,
2065,2025-05-18,ERMONT,DOUTEUX,True,"Accessoire couture=7€+drap ancien pour lit 1 personne=2€+beurrier en verre (que j'ai jete)=1€+fil de soie :0,5",Accessoire couture=7€+drap ancien pour lit 1 personne=2€+beurrier en verre (que j'ai jete)=1€+fil de soie=1€,"prix nu '0,5' -> 1€ ; decimale -> 1€ (arrondi sup.)"
2066,2025-05-24,JOUY-LE-MOUTIER,OK,False,Acapulco=8€+Jouets=15€+Missel=5€+pentamino=5€+fanion=5€,Acapulco=8€+Jouets=15€+Missel=5€+pentamino=5€+fanion=5€,
2069,2025-05-25,CERGY,OK,False,Images pieuses=15€+vB plat =5€,Images pieuses=15€+vB plat =5€,
2070,2025-05-25,CERGY,DOUTEUX,True,"Petit lot accessoire couture et couverts :3,5€ + eau de cologne Paul :1€ +lot livres anciens couture / broderie :70€+ lot support metal de poupée :5€ + petite poupée ari :2€",Petit lot accessoire couture et couverts=4€+eau de cologne Paul=1€+lot livres anciens couture / broderie=70€+lot support metal de poupée=5€+petite poupée ari=2€,"decimale '3,5€' -> 4€ (arrondi sup.)"
2071,2025-05-25,ABLEIGES,OK,False,PC=10€+almanach 1914=5€,PC=10€+almanach 1914=5€,
2072,2025-05-25,ABLEIGES,OK,False,Paul=3€,Paul=3€,
2073,2025-05-25,GRISY-LES-PLATRES,OK,False,Livres=10€+vin Pontoise=12€+Repas=13€,Livres=10€+vin Pontoise=12€+Repas=13€,
2074,2025-05-25,GRISY-LES-PLATRES,OK,False,Lot bouton militaire=1€+taie de traversin vintage=2€+2 livres couture & peinture chinoise=1€,Lot bouton militaire=1€+taie de traversin vintage=2€+2 livres couture & peinture chinoise=1€,
2075,2025-05-29,SAINT-LEU-LA-FORÊT,OK,False,24h du Mans=10€+obelix=3€+soupière ronde=2€+livres anciens=4€+Boutons=3€,24h du Mans=10€+obelix=3€+soupière ronde=2€+livres anciens=4€+Boutons=3€,
2076,2025-05-29,SAINT-LEU-LA-FORÊT,OK,False,1 ramequin guy degrenne =1€+2boites jaunes suchard=1€+tintin=2€,1 ramequin guy degrenne =1€+2boites jaunes suchard=1€+tintin=2€,
2077,2025-05-29,HERBLAY,OK,False,dessous bière=10€+assiette mesange=8€+livres anciens=4€+Livres Céline Railway=18€,dessous bière=10€+assiette mesange=8€+livres anciens=4€+Livres Céline Railway=18€,
2078,2025-05-29,HERBLAY,OK,False,2 petis pots V&B=4€+sous tasse albert royal Mois+assiette villeroy=4€+2 porte-manteaux anciens en bois=2€,2 petis pots V&B=4€+sous tasse albert royal Mois+assiette villeroy=4€+2 porte-manteaux anciens en bois=2€,1 item(s) sans prix
2079,2025-05-30,COYE-LA-FORET,OK,False,Verres granités=5€+ cafetière=2€+assiettes=2€+livre=2€+tintin=2€,Verres granités=5€+ cafetière=2€+assiettes=2€+livre=2€+tintin=2€,
2080,2025-05-30,COYE-LA-FORET,OK,False,napperons=7€+coupelle Noel V&B=2€+3 blouses nylon=3€+4 disques 45 t Mylene Farmer=5€+jeu de cartes tarot=1€,napperons=7€+coupelle Noel V&B=2€+3 blouses nylon=3€+4 disques 45 t Mylene Farmer=5€+jeu de cartes tarot=1€,
2081,2025-05-30,CHAUMONTEL,OK,False,Porte clés=2€,Porte clés=2€,
2082,2025-05-30,CHAUMONTEL,OK,False,Cadre beatrix potter=2€+petite poupee Bella=2€,Cadre beatrix potter=2€+petite poupee Bella=2€,
2083,2025-06-08,BOIS-D'ARCY,OK,False,BD=28€+DVD=6€+Mario=5€-Barbie=5€+Porte clés=20€+Divers=5€,BD=28€+DVD=6€+Mario=5€-Barbie=5€+Porte clés=20€+Divers=5€,
2084,2025-06-08,ACHERES,DOUTEUX,True,"Lot couture, boite ancienne samaritaine, et divers accessoire broderie :10 €+2 livres +1 lot de livres La Pléiade à 0,50cts d'euros  x11 =7€ + lot boutons + torchons + nappe protection table   :9 €","Lot couture, boite ancienne samaritaine, et divers accessoire broderie=10€+2 livres+1 lot de livres La Pléiade à=1€+d'euros  x11 =7€+lot boutons+torchons+nappe protection table=9€","decimale '0,50cts' -> 1€ (arrondi sup.) ; unite 'cts' interpretee en euros ; 3 item(s) sans prix"
2085,2025-06-08,BOIS-D'ARCY,DOUTEUX,True,"1 collier Dolce Vita:1,50",1 collier Dolce Vita=2€,"prix nu '1,50' -> 2€ ; decimale -> 2€ (arrondi sup.) ; nombre isole dans la description : items possiblement fusionnes"
2086,2025-06-09,COMMENY,OK,False,Service Villeroy=80€+Molières=8€+bonnot=3€+livres=7€+fdsques=10€,Service Villeroy=80€+Molières=8€+bonnot=3€+livres=7€+fdsques=10€,
2087,2025-06-09,COMMENY,OK,False,"lot torchons, draps ,torchons calendriers, gants=12€","lot torchons, draps ,torchons calendriers, gants=12€",
2089,2025-06-15,PONTOISE,OK,False,Assiettes Anglaises=5€+bourbon=1€+collier=1€+bouvard=1€+poupée=10€,Assiettes Anglaises=5€+bourbon=1€+collier=1€+bouvard=1€+poupée=10€,
2090,2025-06-15,PONTOISE,OK,False,3 livres coutures=3€+bijou=3€+boutons=4€,3 livres coutures=3€+bijou=3€+boutons=4€,
2091,2025-06-15,ABLEIGES,OK,False,Mason's=4€+verts Dunkerque =5€+Astérix=5€,Mason's=4€+verts Dunkerque =5€+Astérix=5€,
2092,2025-06-15,ABLEIGES,OK,False,Couvre lit en coton crochet=10€+mouchoirs=1€,Couvre lit en coton crochet=10€+mouchoirs=1€,
2093,2025-06-21,VERNEUIL-SUR-SEINE,DOUTEUX,True,Achat :0,Achat=0€,prix nu '0' -> 0€
2094,2025-06-22,ERMONT,DOUTEUX,True,"2 Poupée régionales dont 1 bella=2€+livre calcul :1,5",2 Poupée régionales dont 1 bella=2€+livre calcul=2€,"prix nu '1,5' -> 2€ ; decimale -> 2€ (arrondi sup.)"
2095,2025-06-22,BOURY-EN-VEXIN,MANUEL,False,0 achats,0 achats,aucun prix exploitable dans l'entree
2096,2025-06-22,SUZAY,MANUEL,False,O achats,O achats,aucun prix exploitable dans l'entree
2097,2025-06-22,CUISY,OK,False,Poupées=20€+Cavalier=5€+Barbie=10€+Popup=8€+cd=2€+livres=3€,Poupées=20€+Cavalier=5€+Barbie=10€+Popup=8€+cd=2€+livres=3€,
2098,2025-06-29,MARLY-LE-ROI,OK,False,Lot petits soldats=3€+2 livres sports de combats=2€,Lot petits soldats=3€+2 livres sports de combats=2€,
2099,2025-06-29,MONTIGNY-LE-BRETONNEUX,OK,False,Bonnot Verne=30€+bijoux =25€+Bd=6€+Livres  Photos=4€+couteau=4€+reveil Jaz=4€+divers=5€+Adrien Mercier Lyon=3€,Bonnot Verne=30€+bijoux =25€+Bd=6€+Livres  Photos=4€+couteau=4€+reveil Jaz=4€+divers=5€+Adrien Mercier Lyon=3€,
2100,2025-06-29,MONTIGNY-LES-CORMEILLES,OK,False,Figurines échecs « seigneurs des anneaux »=20€,Figurines échecs « seigneurs des anneaux »=20€,
2104,2025-07-05,VEURNE,OK,False,carton de galons de passementerie=5€+1 chemin de table brodé=5€,carton de galons de passementerie=5€+1 chemin de table brodé=5€,
2108,2025-07-13,COUDEKERQUE-BRANCHE,OK,False,Tarot=3€+assiettes=2€+Porte clés=3€+Lagarde=3€,Tarot=3€+assiettes=2€+Porte clés=3€+Lagarde=3€,
2110,2025-07-14,GRAND-FORT-PHILIPPE,OK,False,sac à dos=10€,sac à dos=10€,
2112,2025-07-14,LOOBERGHE,OK,False,Soupière=2€+raquette=5€+boutons=3€+oeufs=5€,Soupière=2€+raquette=5€+boutons=3€+oeufs=5€,
2114,2025-07-14,BOURBOURG,MANUEL,False,0,0,aucun prix exploitable dans l'entree
2115,2025-07-14,LOOBERGHE,OK,False,boutons en bois pour enfants=1€||20+couvre lit crochet=2€+Pomme de terre=10€|excellentes|+noix=5€,boutons en bois pour enfants=1€||20+couvre lit crochet=2€+Pomme de terre=10€|excellentes|+noix=5€,
2116,2025-08-09,ABLEIGES,OK,False,"Saladier Gardener, 3 assiettes Beatrix potter=8€+livre beatrix Potter=20€+boite boutons=10€","Saladier Gardener, 3 assiettes Beatrix potter=8€+livre beatrix Potter=20€+boite boutons=10€",
2117,2025-08-15,LE VAUDREUIL,OK,False,barbie=10€+tarot=2€+boutons=5€-boulangerie=18€+mirabelles=4€,barbie=10€+tarot=2€+boutons=5€-boulangerie=18€+mirabelles=4€,
2118,2025-08-15,VEXIN-SUR-EPTE,OK,False,plat=2€+v erre=2€+couture livre=3€+mirabelles=5€,plat=2€+v erre=2€+couture livre=3€+mirabelles=5€,
2119,2025-08-15,HACQUEVILLE,OK,False,Pêches=9€+VB=2€,Pêches=9€+VB=2€,
2120,2025-08-15,LE VAUDREUIL,DOUTEUX,True,"Boite coquillage :1€+lot patrons poupée :0,5+boutons nacre :0,5+bague ambre et boucles d'oreille :1,5€+tissus 5€",Boite coquillage=1€+lot patrons poupée=1€+boutons nacre=1€+bague ambre et boucles d'oreille=2€+tissus=5€,"prix nu '0,5' -> 1€ ; decimale -> 1€ (arrondi sup.) ; prix nu '0,5' -> 1€ ; decimale -> 1€ (arrondi sup.) ; decimale '1,5€' -> 2€ (arrondi sup.)"
2121,2025-08-15,VEXIN-SUR-EPTE,OK,False,Petite poupée porcelaine=2€+lot enveloppes=2€,Petite poupée porcelaine=2€+lot enveloppes=2€,
2122,2025-08-15,HACQUEVILLE,OK,False,Pomme de terre=15€,Pomme de terre=15€,
2123,2025-08-17,MUIDS,OK,False,patage =10€+Fabre=20€+bella=7€+vaisselle=10€+Livre=2€,patage =10€+Fabre=20€+bella=7€+vaisselle=10€+Livre=2€,
2124,2025-08-17,MUIDS,DOUTEUX,True,"2 Boites cols chemises anciens :1€+ livre «les palais impériaux de Pékin» :0,5€ + poupée noire : 3€+ theiere :3€ +3 disques 33t :1,5 + lot poignees porte porcelaine + plaque metal doré et porcelaine : 2€ + coffret bois avec  boutons corne :4€ + légumes et framboise :5€ + 24 oeufs :5€",2 Boites cols chemises anciens=1€+livre «les palais impériaux de Pékin»=1€+poupée noire=3€+theiere=3€+3 disques 33t=2€+lot poignees porte porcelaine+plaque metal doré et porcelaine=2€+coffret bois avec boutons corne=4€+légumes et framboise=5€+24 oeufs=5€,"decimale '0,5€' -> 1€ (arrondi sup.) ; prix nu '1,5' -> 2€ ; decimale -> 2€ (arrondi sup.) ; nombre isole dans la description : items possiblement fusionnes ; 1 item(s) sans prix"
2125,2025-09-06,THIVERVAL-GRIGNON,OK,False,Jeu de Go=3€+Boutons=2€,Jeu de Go=3€+Boutons=2€,
2126,2025-09-06,THIVERVAL-GRIGNON,OK,False,"Amandes, noix, figues , fruits rouges=25€+lot boutons legion Postes=30€+boite boutons=2€+lot Torchons Pays basques=2€","Amandes, noix, figues , fruits rouges=25€+lot boutons legion Postes=30€+boite boutons=2€+lot Torchons Pays basques=2€",
2127,2025-09-07,BEZU-SAINT-ELOI,OK,False,Tour de France =20€+linge printemps=20€+Assiette=1€+boutons=10€+plateau=10€,Tour de France =20€+linge printemps=20€+Assiette=1€+boutons=10€+plateau=10€,
2128,2025-09-07,GISORS,OK,False,Pommes et Pêches=10€+reveil=3€,Pommes et Pêches=10€+reveil=3€,
2130,2025-09-07,BOISEMONT,OK,False,"Soupiere oiseau Terre de fer=2€+porte clés: 0,50 ct+Poupées les triples=8€+Livre Andy Warhol=1€+1 livre pour moi=1€","Soupiere oiseau Terre de fer=2€+porte clés: 0,50 ct+Poupées les triples=8€+Livre Andy Warhol=1€+1 livre pour moi=1€",1 item(s) sans prix
2131,2025-09-07,THEMERICOURT,OK,False,2 assiettes Hansi Villeroy=4€+2nappes pour tables rondes=20€,2 assiettes Hansi Villeroy=4€+2nappes pour tables rondes=20€,
2132,2025-09-13,ABLEIGES,OK,False,Boite à couture style année 701=8€+5 assiettes ovales poissons GIENS=5€,Boite à couture style année 701=8€+5 assiettes ovales poissons GIENS=5€,
2133,2025-09-14,CARRIÈRES-SOUS-POISSY,OK,False,boutons=2€+tintin=15€+porte clés=3€+bol=1€+babioles=2€+bijoux=3€,boutons=2€+tintin=15€+porte clés=3€+bol=1€+babioles=2€+bijoux=3€,
2134,2025-09-14,LA FRETTE-SUR-SEINE,OK,False,porte clé=20€+voiture=26€+divers garage =8€+caddie=5€+hotdog=5€+livres=2€,porte clé=20€+voiture=26€+divers garage =8€+caddie=5€+hotdog=5€+livres=2€,
2135,2025-09-14,CARRIÈRES-SOUS-POISSY,OK,False,Une boite bois avec fil=2€+une ancienne machine a coudre jouet (1890-1920)=1€||49+qq bijoux+montres=3€+Cuillères Christofle ?=1€,Une boite bois avec fil=2€+une ancienne machine a coudre jouet (1890-1920)=1€||49+qq bijoux+montres=3€+Cuillères Christofle ?=1€,1 item(s) sans prix
2137,2025-09-20,NEUILLY-EN-VEXIN,OK,False,Poupée ancienne Clodrey=2€+Ensemble 123=6€,Poupée ancienne Clodrey=2€+Ensemble 123=6€,
2138,2025-09-21,CERGY,OK,False,rasoirs=6€,rasoirs=6€,
2139,2025-09-27,ABLEIGES,OK,False,1 Bouton=1€+2 boites cartons toile de Jouy=4€,1 Bouton=1€+2 boites cartons toile de Jouy=4€,
2140,2025-09-27,ABLEIGES,OK,False,Livres et CP=10€,Livres et CP=10€,
2141,2025-09-28,PRESLES,OK,False,encrier=10€+russe=2€+plateau=2€+PC=8€+voiture=10€,encrier=10€+russe=2€+plateau=2€+PC=8€+voiture=10€,
2142,2025-09-28,PRESLES,DOUTEUX,True,"yaourtiere Yalacta (qu'on a jeter) :0,5€; ensemble serviette et nappe à mouchoirs :8€+livre les impressionnistes et Pontoise :5€+ lot bijoux :4€+ porcelaine anglaise :4€+2 tee-shirt :2€",yaourtiere Yalacta (qu'on a jeter)=1€+ensemble serviette et nappe à mouchoirs=8€+livre les impressionnistes et Pontoise=5€+lot bijoux=4€+porcelaine anglaise=4€+2 tee-shirt=2€,"decimale '0,5€' -> 1€ (arrondi sup.)"
2143,2025-09-28,LE THILLAY,OK,False,1 revue patchwork=2€,1 revue patchwork=2€,
2144,2025-10-05,MAUREPAS,OK,False,Parure  drap toile de gerardmer en metis=3€||20+poupee Corolle les petites chéries=2€,Parure  drap toile de gerardmer en metis=3€||20+poupee Corolle les petites chéries=2€,
2145,2025-10-05,CERGY,MANUEL,False,Pas d'achats,Pas d'achats,aucun prix exploitable dans l'entree
2146,2025-10-11,ABLEIGES,OK,False,Boutons=30€,Boutons=30€,
2147,2025-10-12,ABLEIGES,OK,False,baigneur ancien=6€,baigneur ancien=6€,
2148,2025-10-12,TRIE-CHÂTEAU,OK,False,oeufs et tomates cerises=7€+assiette terre de fer=1€,oeufs et tomates cerises=7€+assiette terre de fer=1€,
2149,2025-10-25,ABLEIGES,MANUEL,False,Rien trouvé,Rien trouvé,aucun prix exploitable dans l'entree
2150,2025-10-26,ABLEIGES,OK,False,Bagues Cigares=10€+Boutons=3€+Cantal=1€+Laguiole=5€,Bagues Cigares=10€+Boutons=3€+Cantal=1€+Laguiole=5€,
2151,2025-10-26,ABLEIGES,DOUTEUX,True,"1 petite voiture solido:1,00€ +livre la pleiade :1,00€",1 petite voiture solido=1€+livre la pleiade=1€,"decimale '1,00€' -> 1€ (arrondi sup.) ; decimale '1,00€' -> 1€ (arrondi sup.)"
2152,2025-11-08,ABLEIGES,DOUTEUX,True,"1 protege cahier paper & 2 images «au bon marché» sur Bleriot :1,5€",1 protege cahier paper & 2 images «au bon marché» sur Bleriot=2€,"decimale '1,5€' -> 2€ (arrondi sup.)"
2153,2025-11-09,ABLEIGES,OK,False,1cintre ancien en bois=1€+Stylos pilot=10€+Poele=40€+lego=40€+ciseaux=10€+couture=2€+figurine Goebels BRITTO=3€+legumes ?,1cintre ancien en bois=1€+Stylos pilot=10€+Poele=40€+lego=40€+ciseaux=10€+couture=2€+figurine Goebels BRITTO=3€+legumes ?,1 item(s) sans prix
2154,2025-11-22,ABLEIGES,OK,False,Caddie Carré=12€+Bible=5€+peinture=2€+Larochelle=3€+ile de ré=2€+diderot=3€+carte Paris=5€,Caddie Carré=12€+Bible=5€+peinture=2€+Larochelle=3€+ile de ré=2€+diderot=3€+carte Paris=5€,
2155,2025-11-22,ABLEIGES,OK,False,diderot+VB burgenland=13€+cocottte le creuset orange=5€+boite couture=6€+serviettes brodées=5€+nappe ancienne=2€,diderot+VB burgenland=13€+cocottte le creuset orange=5€+boite couture=6€+serviettes brodées=5€+nappe ancienne=2€,1 item(s) sans prix
2156,2025-11-22,PONTOISE,OK,False,4bd tintin=10€+1 paire lunettes vue=10€,4bd tintin=10€+1 paire lunettes vue=10€,
2157,2025-12-13,ABLEIGES,DOUTEUX,True,5€,?=5€,description vide
2158,2025-12-14,ABLEIGES,OK,False,Poupee=5€+cire=3€+papier denteller=1€,Poupee=5€+cire=3€+papier denteller=1€,
2162,2026-03-08,PONTOISE,OK,False,Gâteaux=13€+Boutons=2€+Picasso=5€+boite epingle et Calculette Raymond=1€+divers =2€,Gâteaux=13€+Boutons=2€+Picasso=5€+boite epingle et Calculette Raymond=1€+divers =2€,
2163,2026-03-08,PONTOISE,OK,False,Boutons+dentelle =4€,Boutons+dentelle =4€,1 item(s) sans prix
2164,2026-03-14,ABLEIGES,OK,False,oeufs=18€+Patates=5€+Aymé=40€+ProustAnglais=20€+Jaguar=5€+livres=40€+Coutures=10€+Boutons=20€,oeufs=18€+Patates=5€+Aymé=40€+ProustAnglais=20€+Jaguar=5€+livres=40€+Coutures=10€+Boutons=20€,
2165,2026-03-14,ABLEIGES,OK,False,poêle Woke=10€+Patates=10€+boutons militaires=80€+boutons=2€+torchons=7€+Missel+livre ecole=6€,poêle Woke=10€+Patates=10€+boutons militaires=80€+boutons=2€+torchons=7€+Missel+livre ecole=6€,1 item(s) sans prix
2166,2026-03-15,ABLEIGES,OK,False,Livres=8€+oeufs=3€,Livres=8€+oeufs=3€,
2167,2026-03-15,ABLEIGES,OK,False,lot linge ancien :1 Chemise ancienne+drap brode richelieu+4 culottes anciennes=4€+2 tupperware (pichet & pot cuisson bouillon)=6€+thym laurier=2€+bouton=1€,lot linge ancien :1 Chemise ancienne+drap brode richelieu+4 culottes anciennes=4€+2 tupperware (pichet & pot cuisson bouillon)=6€+thym laurier=2€+bouton=1€,2 item(s) sans prix
2168,2026-03-22,CERGY,OK,False,Livres=4€+avocats=2€,Livres=4€+avocats=2€,
2170,2026-03-28,ABLEIGES,OK,False,slips=20€+Harry Potter=10€+scout=7€,slips=20€+Harry Potter=10€+scout=7€,
2171,2026-03-28,ABLEIGES,OK,False,Le creuset=8€+Tissus à matelas=5€,Le creuset=8€+Tissus à matelas=5€,
2172,2026-03-29,NUCOURT,OK,False,cocotte=25€+draps=5€+serviettes=4€+Livres=2€,cocotte=25€+draps=5€+serviettes=4€+Livres=2€,
2173,2026-03-29,NUCOURT,OK,False,Linge ancien et dentelle=10€+2 draps anciens (montré par paul)=4€+1 couvre lit en filet=10€,Linge ancien et dentelle=10€+2 draps anciens (montré par paul)=4€+1 couvre lit en filet=10€,
2174,2026-03-29,ABLEIGES,OK,False,Livres=6€+pleiade=5€,Livres=6€+pleiade=5€,
2175,2026-03-29,ABLEIGES,OK,False,1 pichet tupperware=1€,1 pichet tupperware=1€,
2176,2026-04-05,US,OK,False,33T=15€+Poêle Le creuset=10€+livre voiture 62=2€+boutons=5€+2 assiette=10€+assiette Lune=12€,33T=15€+Poêle Le creuset=10€+livre voiture 62=2€+boutons=5€+2 assiette=10€+assiette Lune=12€,
2177,2026-04-05,US,OK,False,5 Pellicule photo fuji périmées=2€+produits fureter (intéressants )=10€,5 Pellicule photo fuji périmées=2€+produits fureter (intéressants )=10€,
2178,2026-04-05,SAINT-GERVAIS,OK,False,dentelle=2€,dentelle=2€,
2179,2026-04-05,BERNOUVILLE,OK,False,Livre armee=5€+boutons=5€+livre=2€,Livre armee=5€+boutons=5€+livre=2€,
2180,2026-04-05,CONFLANS-SAINTE-HONORINE,OK,False,Boutons anciens=5€+theiere voiture=4€+nappe ancienne=3€+bouteille gigogne=1€+bas nylon=7€,Boutons anciens=5€+theiere voiture=4€+nappe ancienne=3€+bouteille gigogne=1€+bas nylon=7€,
2181,2026-04-06,L'ISLE-ADAM,OK,False,vaisselle festonnée=10€+Pichet V&B=4€+livre ancien calcul =8€+cahier soldat=8€+Verre=5€+Cendrier Dactylo=4€,vaisselle festonnée=10€+Pichet V&B=4€+livre ancien calcul =8€+cahier soldat=8€+Verre=5€+Cendrier Dactylo=4€,
2182,2026-04-06,OINVILLE-SUR-MONTCIENT,OK,False,Grande et longue nappe brodée=7€,Grande et longue nappe brodée=7€,
2183,2026-04-11,ABLEIGES,OK,False,assiettesVB=14€+Boutons=6€+livres=5€,assiettesVB=14€+Boutons=6€+livres=5€,
2184,2026-04-11,ABLEIGES,OK,False,Livre Mucha=4€+lot accessoire boucles ceinture &anneau laiton ancien+Nappe ancienne=10€,Livre Mucha=4€+lot accessoire boucles ceinture &anneau laiton ancien+Nappe ancienne=10€,1 item(s) sans prix
2186,2026-04-12,SAGY,DOUTEUX,True,Rien acheté 0,Rien acheté=0€,prix nu '0' -> 0€
2187,2026-04-12,ABLEIGES,OK,False,assiettesVB=14€+Boutons=6€+livres=5€,assiettesVB=14€+Boutons=6€+livres=5€,
2188,2026-04-12,ABLEIGES,OK,False,"4draps metis, sous emballages+plat en porcelaine+3 torchons+3 drap-housses+taies metis=20€","4draps metis, sous emballages+plat en porcelaine+3 torchons+3 drap-housses+taies metis=20€",4 item(s) sans prix
2190,2026-04-19,CERGY,OK,False,2 tasses et soucoupes V&B=2€+Livres couture poupee=2€,2 tasses et soucoupes V&B=2€+Livres couture poupee=2€,
2191,2026-04-26,CONFLANS-SAINTE-HONORINE,DOUTEUX,True,"1 bouilloire V&B :5€+ sac Lancaster :3€+ reveil Mickey ancien :3€ + 5revues anciennes mode :0,50€ + 1 Livre Nrf ancien, de st Exupery :0,30€","1 bouilloire V&B=5€+sac Lancaster=3€+reveil Mickey ancien=3€+5revues anciennes mode=1€+1 Livre Nrf ancien, de st Exupery=1€","decimale '0,50€' -> 1€ (arrondi sup.) ; decimale '0,30€' -> 1€ (arrondi sup.)"
2192,2026-04-26,ABLEIGES,OK,False,Plateau=3€+Table découpe=3€+Coussins=3€+livrets 40/45=2€+Livre Maurois=9€+assiette VB =1€+Livres=6€,Plateau=3€+Table découpe=3€+Coussins=3€+livrets 40/45=2€+Livre Maurois=9€+assiette VB =1€+Livres=6€,
2193,2026-04-26,ABLEIGES,OK,False,Lot broderie=2€+3tt shirt neuf Damart=9€,Lot broderie=2€+3tt shirt neuf Damart=9€,
2194,2026-05-03,BUTRY-SUR-OISE,OK,False,Livres=5€,Livres=5€,
2195,2026-05-08,HARAVILLIERS,OK,False,Livres=7€+Echecs=10€+soucoupes=3€+Carafe=2€,Livres=7€+Echecs=10€+soucoupes=3€+Carafe=2€,
2196,2026-05-08,HARAVILLIERS,MANUEL,False,Rien acheté,Rien acheté,aucun prix exploitable dans l'entree
2197,2026-05-08,CERGY,OK,False,2 VieuxTintin=4€+vaisselle=1€+Livre=1€+Pc=1€,2 VieuxTintin=4€+vaisselle=1€+Livre=1€+Pc=1€,
2198,2026-05-08,CERGY,OK,False,1 lot de vetements femmes anciens=10€,1 lot de vetements femmes anciens=10€,
2199,2026-05-09,PIERRELAYE,OK,False,Verres=5€+Assiettes=5€+Livres Musset=8€+Batellerie=4€+torchons=5€+Livres basque=5€+divers prefontaines= '=5€,Verres=5€+Assiettes=5€+Livres Musset=8€+Batellerie=4€+torchons=5€+Livres basque=5€+divers prefontaines= '=5€,
2201,2026-05-09,PIERRELAYE,OK,False,bas Wolford=3€+livre WW=3€+Cafetiere=2€,bas Wolford=3€+livre WW=3€+Cafetiere=2€,
2202,2026-05-10,FRESNE-LÉGUILLON,OK,False,coupe frites=2€,coupe frites=2€,
2203,2026-05-10,NEAUFLES-SAINT-MARTIN,OK,False,Boites Boutons=7€,Boites Boutons=7€,
2204,2026-05-10,DOUDEAUVILLE-EN-VEXIN,OK,False,Livres=3€,Livres=3€,
2206,2026-05-10,FRESNE-LÉGUILLON,MANUEL,False,pas d'achat,pas d'achat,aucun prix exploitable dans l'entree
2207,2026-05-10,NEAUFLES-SAINT-MARTIN,OK,False,Petit lot de mercerie=3€+bloc set de table=1€,Petit lot de mercerie=3€+bloc set de table=1€,
2208,2026-05-10,DOUDEAUVILLE-EN-VEXIN,DOUTEUX,True,"2 livres couture des années 1970 :1€ + oeufs poule et dinde :8,5€",2 livres couture des années 1970=1€+oeufs poule et dinde=9€,"decimale '8,5€' -> 9€ (arrondi sup.)"
2209,2026-05-14,SAINT-LEU-LA-FORÊT,OK,False,Service Ulim=30€+Disques=4€+livre=1€,Service Ulim=30€+Disques=4€+livre=1€,
2210,2026-05-14,SAINT-LEU-LA-FORÊT,OK,False,lot dentelle etc=100€,lot dentelle etc=100€,
2211,2026-05-15,BAGNOLES-DE-L'ORNE,OK,False,PC=2€,PC=2€,
2213,2026-05-16,CHERBOURG-GLACERIE,OK,False,Livres=5€+assiette=2€,Livres=5€+assiette=2€,
2215,2026-05-17,VALOGNES,OK,False,Livre Mercedes=2€,Livre Mercedes=2€,
2216,2026-05-17,CHERBOURG-GLACERIE,OK,False,livres=2€,livres=2€,
2217,2026-05-17,CHERBOURG-GLACERIE,OK,False,2 Pots de tupperware pour café=2€,2 Pots de tupperware pour café=2€,
2218,2026-05-17,TAMERVILLE,OK,False,Assiettes Alsace=8€+Voiture=5€+ferraille citroen=10€+cadres religieux=4€,Assiettes Alsace=8€+Voiture=5€+ferraille citroen=10€+cadres religieux=4€,
2219,2026-05-17,TAMERVILLE,OK,False,Grande Poupée raynal=2€+Patrons anciens=3€+tapis bains=2€,Grande Poupée raynal=2€+Patrons anciens=3€+tapis bains=2€,
2221,2026-05-17,MONTPINCHON,MANUEL,False,rien acheté,rien acheté,aucun prix exploitable dans l'entree
2222,2026-05-23,GONNEVILLE,OK,False,repas=10€+livres=12€+pinup=5€,repas=10€+livres=12€+pinup=5€,
2227,2026-05-24,GOLLEVILLE,OK,False,assiettes VB=2€,assiettes VB=2€,
2228,2026-05-24,BRIX,OK,False,Livre Germaine Bourret=3€+Livre ancien jeunesse=3€,Livre Germaine Bourret=3€+Livre ancien jeunesse=3€,
2229,2026-05-25,LE MESNIL-AUBERT,OK,False,mickey=10€+pichets Pernod=5€+reveil art deco=3€+Sac à dos=3€,mickey=10€+pichets Pernod=5€+reveil art deco=3€+Sac à dos=3€,
2230,2026-05-25,LE MESNIL-AUBERT,OK,False,Lot dentelle calais=18€||39+drap ancien=5€|Jeté car draps avaient une odeur|+lot plaque bouton pression=2€+cadre photo ancien=2€+petite boite ancienne=1€,Lot dentelle calais=18€||39+drap ancien=5€|Jeté car draps avaient une odeur|+lot plaque bouton pression=2€+cadre photo ancien=2€+petite boite ancienne=1€,
2231,2026-05-30,POISSY,OK,False,Bonnot=1€+Longwy =2€+aimants=2€,Bonnot=1€+Longwy =2€+aimants=2€,
2232,2026-05-30,JOUY-LE-MOUTIER,OK,False,jeu de mah jpng=5€,jeu de mah jpng=5€,
2233,2026-05-31,HERBLAY,OK,False,Brassens+33=14€+Livres=4€+Jules Vernes=4€+Tableau=12€,Brassens+33=14€+Livres=4€+Jules Vernes=4€+Tableau=12€,1 item(s) sans prix
2234,2026-05-31,COURDIMANCHE,OK,False,Livres=3€,Livres=3€,
2235,2026-05-31,MAURECOURT,OK,False,Partitions Guitare=5€+Livres=1€,Partitions Guitare=5€+Livres=1€,
2236,2026-05-31,MAURECOURT,OK,False,1Plat V&B vieux luxembourgeois=4€+Machine a coudre jouet ancienne russe=5€+terrine le creuset foie gras=3€+drap chanvre=5€+tintin=1€||0+foulard soie Lanvin=1€+divers couture=5€,1Plat V&B vieux luxembourgeois=4€+Machine a coudre jouet ancienne russe=5€+terrine le creuset foie gras=3€+drap chanvre=5€+tintin=1€||0+foulard soie Lanvin=1€+divers couture=5€,
2237,2026-06-14,PONTOISE,OK,False,33 Tours = 10€ Picon =10€ Friteuse=5€ Livres Peinture=15€ Bonnot Baudelaire =10€ Divers=2€,33 Tours = 10€ Picon =10€ Friteuse=5€ Livres Peinture=15€ Bonnot Baudelaire =10€ Divers=2€,
2239,2026-06-13,ABLEIGES,OK,False,Bijoux=5€+Oeufs=9€,Bijoux=5€+Oeufs=9€,
2240,2026-06-07,ÉRAGNY-SUR-OISE,OK,False,Alsace Heureuse=10€+Aquarelles Alsace=10€+Porte clé Palace=3€+Lames Rasoir=10€+Punch=3€,Alsace Heureuse=10€+Aquarelles Alsace=10€+Porte clé Palace=3€+Lames Rasoir=10€+Punch=3€,
2241,2026-06-07,CERGY,OK,False,Revues Voitures 1971=5€+Puzzle Johnny=1€+Jeu FootBall Touret=1€+Reveils Anciens=5€+Ancien Kaleidoscope=3€,Revues Voitures 1971=5€+Puzzle Johnny=1€+Jeu FootBall Touret=1€+Reveils Anciens=5€+Ancien Kaleidoscope=3€,
2242,2026-06-07,SANNOIS,OK,False,Pot Villeroy sans couvercle=1€+20x15 Cartes Postales de St Malo=1€||50+Anneaux anciens  de rideau=1€||15,Pot Villeroy sans couvercle=1€+20x15 Cartes Postales de St Malo=1€||50+Anneaux anciens  de rideau=1€||15,
2245,2026-06-07,NEUVILLE-SUR-OISE,OK,False,Lot de livres modes & travaux=5€,Lot de livres modes & travaux=5€,
2246,2026-06-14,ABLEIGES,OK,False,bloc de tiroirs=30€+boite porte clé=13€+jules Verne x2=10€,bloc de tiroirs=30€+boite porte clé=13€+jules Verne x2=10€,
2247,2026-06-14,PONTOISE,OK,False,Bonnot Cuisine de Grand-mère=5€+lot de boutons=3€+Tissus Chat=1€+Lot Bd=7€,Bonnot Cuisine de Grand-mère=5€+lot de boutons=3€+Tissus Chat=1€+Lot Bd=7€,
2248,2026-06-14,ABLEIGES,OK,False,Collier en Ivoire=1€+boite de rangement=1€+Boite à Couture=10€|Geste commercial pour l'avenir|,Collier en Ivoire=1€+boite de rangement=1€+Boite à Couture=10€|Geste commercial pour l'avenir|,
2250,2026-06-07,ENNERY,OK,False,Assiettes Vieillard=8€|fin du 19eme|+Livres SF=20€|j'en ai gardé que 5 sur 25|+Boutons=2€+Cafetieres VB=3€|manquait les couvercles|+livrets Nicolas=3€,Assiettes Vieillard=8€|fin du 19eme|+Livres SF=20€|j'en ai gardé que 5 sur 25|+Boutons=2€+Cafetieres VB=3€|manquait les couvercles|+livrets Nicolas=3€,
2251,2026-06-07,ENNERY,OK,False,Lot de Canevas=20€|Vu sur Ebay que cette marque de canevas se vendait|+Livre Reliure=1€||25,Lot de Canevas=20€|Vu sur Ebay que cette marque de canevas se vendait|+Livre Reliure=1€||25,
2252,2026-06-27,ABLEIGES,OK,False,Patrons des 60's dans Valise=25€|Attention à verifier que les patrons ne sont pas ouverts|+4 Mazenod=8€|je n'ai  pas vu qu'il leur manquait la jacquette|+Histoire de la Gravure chez Bonnot=3€+Livre Valentino Rossi Tome 2=2€,Patrons des 60's dans Valise=25€|Attention à verifier que les patrons ne sont pas ouverts|+4 Mazenod=8€|je n'ai  pas vu qu'il leur manquait la jacquette|+Histoire de la Gravure chez Bonnot=3€+Livre Valentino Rossi Tome 2=2€,
2253,2026-06-28,EAUBONNE,OK,False,sac rempli de bas de femme des années 60/70=10€|a vendre en plusieurs lots|,sac rempli de bas de femme des années 60/70=10€|a vendre en plusieurs lots|,
2254,2026-06-28,ABLEIGES,OK,False,"boite ancienne ""au fil du chinois""=3€+livre Dessins de Proust par philippe Sollers=3€|Pour Paul|","boite ancienne ""au fil du chinois""=3€+livre Dessins de Proust par philippe Sollers=3€|Pour Paul|",
2255,2026-07-19,GASNY,OK,False,PC ferrari=1€|Pas un vrai|+Nappe pour francine=5€|Apres Négo|+Tarot divinatoire=5€+Vigny 1945=2€|etat moyen|+Tristan Iseult=2€|Belle reliure mais sent|+BD scrameustache=1€|EO sans grande valeur|,PC ferrari=1€|Pas un vrai|+Nappe pour francine=5€|Apres Négo|+Tarot divinatoire=5€+Vigny 1945=2€|etat moyen|+Tristan Iseult=2€|Belle reliure mais sent|+BD scrameustache=1€|EO sans grande valeur|,
2256,2026-07-19,BREVAL,OK,False,Plaques Piece en. Porcelaine=5€|Bon achat|+livres Orangers=1€+Revues Petit parisien  1899=1€|Pas en bon état|+Nappe 70's=20€|Négo demandée par Francine|+Valera=1€|Karaté|+5 Assiettes V&B Napoleon=15€|J ai surestimé|+5 Assiettes Armée Francaises=10€|Bien bon achat|+4 Assiettes Humoristiques=5€,Plaques Piece en. Porcelaine=5€|Bon achat|+livres Orangers=1€+Revues Petit parisien  1899=1€|Pas en bon état|+Nappe 70's=20€|Négo demandée par Francine|+Valera=1€|Karaté|+5 Assiettes V&B Napoleon=15€|J ai surestimé|+5 Assiettes Armée Francaises=10€|Bien bon achat|+4 Assiettes Humoristiques=5€,
2257,2026-07-14,MALO-LES-BAINS,OK,False,2 étiquettes Alcool=2€+Livre cuisine=1€|Jeté|+Desserts en BD=1€|parfait état|35,2 étiquettes Alcool=2€+Livre cuisine=1€|Jeté|+Desserts en BD=1€|parfait état|35,
2258,2026-07-12,COUDEKERQUE-BRANCHE,OK,False,Tintin=1€|Bien usé mais EO|,Tintin=1€|Bien usé mais EO|,
2259,2026-07-19,GASNY,OK,False,2 grands pots villeroy French Garden=6€+1 livre La patisserie en dessert=1€+Lot bobines anciennes en  bois=2€+Lot bijoux anciens vintage=5€+tee - shirt=1€+Lot 12 livres broderie et tricot=5€+paire de gants ancien en cuir=1€+revue tricot Bergere de France=1€,2 grands pots villeroy French Garden=6€+1 livre La patisserie en dessert=1€+Lot bobines anciennes en  bois=2€+Lot bijoux anciens vintage=5€+tee - shirt=1€+Lot 12 livres broderie et tricot=5€+paire de gants ancien en cuir=1€+revue tricot Bergere de France=1€,
2261,2026-07-19,BREVAL,OK,False,Drap en lin ancien=8€+Lot 8 torchons anciens avec etiquettes samaritaine=15€+Taie oreiller vintage=1€,Drap en lin ancien=8€+Lot 8 torchons anciens avec etiquettes samaritaine=15€+Taie oreiller vintage=1€,
2262,2026-07-14,MALO-LES-BAINS,OK,False,"Livre couture La coupe d'or lutterloh=2€|Vendu|75+lot 2 boite boutons au vendeur qui m'a vendu la coupe d'or=2€|jeté|0+lot fleurs jeans=2€||0+Tissu tweed style ""Chanel"" 3 métres=10€||0","Livre couture La coupe d'or lutterloh=2€|Vendu|75+lot 2 boite boutons au vendeur qui m'a vendu la coupe d'or=2€|jeté|0+lot fleurs jeans=2€||0+Tissu tweed style ""Chanel"" 3 métres=10€||0",
2263,2026-07-12,COUDEKERQUE-BRANCHE,OK,False,1patron poupée=1€||0,1patron poupée=1€||0,
2264,2026-07-12,GODEWAERSVELD,OK,False,livre sur les trains par la vie du rail que j'ai jeté=2€+Porte manteau ancien=2€,livre sur les trains par la vie du rail que j'ai jeté=2€+Porte manteau ancien=2€,
2265,2026-07-11,AIRE-SUR-LA-LYS,OK,False,Livres vacances=3€|Excellent état|,Livres vacances=3€|Excellent état|,
2267,2026-07-11,BROXEELE,OK,False,Livre montage Gordini=2€|Sous blister|,Livre montage Gordini=2€|Sous blister|,
